collection,basis,granularity,seed,budget,index_bytes,document_nonzeros,query_nonzeros,document_truncation,query_truncation,peak_rss_kib,off_seconds,on_seconds
arguana,gaussian,pooled,0,q32_d128,4701968,128.0,32.0,0.03135808162324187,0.04267425320056899,521260,0.013362411633711825,0.013850092183300765
arguana,gaussian,token,0,q32_d128,4716798,128.0,32.0,0.03135808162324187,0.04267425320056899,530876,0.013200749107437794,0.013532044321497648
arguana,identity,pooled,0,q32_d128,4830635,128.0,32.0,0.03135808162324187,0.04267425320056899,522148,0.013624076818607504,0.013845174447217676
arguana,identity,token,0,q32_d128,4868496,128.0,32.0,0.03135808162324187,0.04267425320056899,530056,0.0132481277063999,0.013590736236781939
arguana,kmeans,pooled,0,q32_d128,151678,4.0,4.0,0.03135808162324187,0.04267425320056899,503560,0.008616694926756539,0.00857523643685098
arguana,kmeans,token,0,q32_d128,5157301,126.86488356006456,32.0,0.03135808162324187,0.04267425320056899,517632,0.013184253274634345,0.013928873725488827
arguana,pca,pooled,0,q32_d128,5111972,128.0,32.0,0.03135808162324187,0.04267425320056899,517796,0.013112518061003761,0.013557662508516026
arguana,pca,token,0,q32_d128,5102276,128.0,32.0,0.03135808162324187,0.04267425320056899,521984,0.013187425337961358,0.013343350141556605
arguana,pq,pooled,0,q32_d128,67140,8.0,8.0,0.03135808162324187,0.04267425320056899,492284,0.008017961430347791,0.008098603273812446
arguana,pq,token,0,q32_d128,2262883,127.9243716854969,32.0,0.03135808162324187,0.04267425320056899,518808,0.012932773875272972,0.012748421244626298
arguana,rq,pooled,0,q32_d128,92478,8.0,8.0,0.03135808162324187,0.04267425320056899,493368,0.008121598496699274,0.00835070695004732
arguana,rq,token,0,q32_d128,2224387,127.72849896241642,32.0,0.03135808162324187,0.04267425320056899,515828,0.013001291365392511,0.013305231246810439
arguana,sae,pooled,0,q32_d128,1386441,32.0,32.0,0.03135808162324187,0.04267425320056899,546264,0.009993350793580043,0.009982233763177936
arguana,sae,token,0,q32_d128,5507397,127.9906617477519,32.0,0.03135808162324187,0.04267425320056899,556380,0.013238940903304906,0.013664577813687566
fiqa,gaussian,pooled,0,q32_d128,31439042,127.91561122870328,32.0,0.04901280405288178,0.0,333564,0.07196071904647038,0.07494265659391394
fiqa,gaussian,token,0,q32_d128,31932636,127.91561122870328,32.0,0.04901280405288178,0.0,333952,0.07137504715753078,0.07394167237945999
fiqa,identity,pooled,0,q32_d128,32591542,127.91561122870328,32.0,0.04901280405288178,0.0,334524,0.06941575861424941,0.07422829990887463
fiqa,identity,token,0,q32_d128,32868640,127.91561122870328,32.0,0.04901280405288178,0.0,333544,0.0720119002806224,0.07531307777156335
fiqa,kmeans,pooled,0,q32_d128,1128189,4.0,4.0,0.04901280405288178,0.0,309196,0.03151728410946053,0.03207994965109888
fiqa,kmeans,token,0,q32_d128,32700200,115.747423574725,26.935185185185187,0.04901280405288178,0.0,328340,0.06340575894442557,0.06573738508153905
fiqa,pca,pooled,0,q32_d128,34940053,128.0,32.0,0.04901280405288178,0.0,331372,0.06635250711585769,0.06684378212077807
fiqa,pca,token,0,q32_d128,34968897,127.91561122870328,32.0,0.04901280405288178,0.0,332056,0.0689412797610764,0.07176971923305515
fiqa,pq,pooled,0,q32_d128,644089,8.0,8.0,0.04901280405288178,0.0,299716,0.031857855111198145,0.03327245832859958
fiqa,pq,token,0,q32_d128,15698832,126.71756480099934,31.799382716049383,0.04901280405288178,0.0,332436,0.06165495788436714,0.06467700240121045
fiqa,rq,pooled,0,q32_d128,705379,8.0,8.0,0.04901280405288178,0.0,303136,0.03175510972999482,0.03316621627307563
fiqa,rq,token,0,q32_d128,15227625,125.69369166175093,31.825617283950617,0.04901280405288178,0.0,332804,0.06065085388139396,0.06324887542148555
fiqa,sae,pooled,0,q32_d128,9726455,32.0,32.0,0.04901280405288178,0.0,347000,0.04359679232728035,0.04461287401688794
fiqa,sae,token,0,q32_d128,38338213,127.84669835872168,32.0,0.04901280405288178,0.0,357748,0.0672428642055034,0.07218910455691159
limit,gaussian,pooled,0,q32_d128,25988134,128.0,32.0,0.0,0.0,384868,0.17269202998501715,0.12395093375595752
limit,gaussian,token,0,q32_d128,26285193,128.0,32.0,0.0,0.0,385568,0.14557588957098777,0.12303199215291534
limit,identity,pooled,0,q32_d128,26732611,128.0,32.0,0.0,0.0,385008,0.20409676756861153,0.13338595540018286
limit,identity,token,0,q32_d128,27139012,128.0,32.0,0.0,0.0,385840,0.17321753374603577,0.1257147893899819
limit,kmeans,pooled,0,q32_d128,731290,4.0,4.0,0.0,0.0,378344,0.10177017673291266,0.09666726503451355
limit,kmeans,token,0,q32_d128,27751823,128.0,20.235,0.0,0.0,385620,0.10679305621795357,0.108314416285255
limit,pca,pooled,0,q32_d128,28338497,128.0,32.0,0.0,0.0,384848,0.12991346985404378,0.10769884174549953
limit,pca,token,0,q32_d128,28670655,128.0,32.0,0.0,0.0,384896,0.13133871759613977,0.10770521068118978
limit,pq,pooled,0,q32_d128,108487,8.0,8.0,0.0,0.0,377976,0.10506676887429785,0.11000515804090537
limit,pq,token,0,q32_d128,10795384,128.0,31.52,0.0,0.0,384992,0.10671906108979601,0.09316048886498902
limit,rq,pooled,0,q32_d128,309829,8.0,8.0,0.0,0.0,377880,0.08508904604171402,0.08265300931455567
limit,rq,token,0,q32_d128,11139983,128.0,30.805,0.0,0.0,384752,0.11329508825868834,0.08254217287746723
limit,sae,pooled,0,q32_d128,7021733,32.0,32.0,0.0,0.0,413400,0.11168434826016892,0.07633890157507267
limit,sae,token,0,q32_d128,30517170,128.0,32.0,0.0,0.0,411492,0.11665606555470731,0.08795328376838006
miracl_bn,gaussian,pooled,0,q32_d128,163383890,128.0,32.0,0.012927858981043849,0.0,291428,0.34653920648928843,0.36237909712906874
miracl_bn,gaussian,token,0,q32_d128,164950833,128.0,32.0,0.012927858981043849,0.0,292584,0.352852620817483,0.36684818447872297
miracl_bn,identity,pooled,0,q32_d128,167829281,128.0,32.0,0.012927858981043849,0.0,294612,0.3503647705986461,0.35211703626109275
miracl_bn,identity,token,0,q32_d128,169052823,128.0,32.0,0.012927858981043849,0.0,290652,0.34570853394391626,0.36201585576486595
miracl_bn,kmeans,pooled,0,q32_d128,5463956,4.0,4.0,0.012927858981043849,0.0,274496,0.1542123525738807,0.15591555234546708
miracl_bn,kmeans,token,0,q32_d128,150065317,108.1872638891225,26.69829683698297,0.012927858981043849,0.0,289812,0.2962994522286507,0.3054748917615422
miracl_bn,pca,pooled,0,q32_d128,175163461,128.0,32.0,0.012927858981043849,0.0,291952,0.3297666944379277,0.3482017998856667
miracl_bn,pca,token,0,q32_d128,175676232,128.0,32.0,0.012927858981043849,0.0,292596,0.3278433132484451,0.3364354316737172
miracl_bn,pq,pooled,0,q32_d128,2690603,8.0,8.0,0.012927858981043849,0.0,263444,0.15330330762075184,0.15996462864707248
miracl_bn,pq,token,0,q32_d128,69958810,121.93243402351438,31.92457420924574,0.012927858981043849,0.0,292848,0.2874684286323079,0.29922877027825373
miracl_bn,rq,pooled,0,q32_d128,3266152,8.0,8.0,0.012927858981043849,0.0,266524,0.1523624396737928,0.15972529312707892
miracl_bn,rq,token,0,q32_d128,68527565,118.26115755302507,31.74939172749392,0.012927858981043849,0.0,293060,0.2907474060217712,0.30131326313187207
miracl_bn,sae,pooled,0,q32_d128,47774259,32.0,32.0,0.012927858981043849,0.0,314388,0.20283203132545752,0.20773082108201726
miracl_bn,sae,token,0,q32_d128,190734832,127.62401560896843,32.0,0.012927858981043849,0.0,334616,0.3279889474867632,0.34114721462322023
miracl_hi,gaussian,pooled,0,q32_d128,275103744,128.0,32.0,0.009765655863344026,0.0,280508,0.5836892956117766,0.5984242387829415
miracl_hi,gaussian,token,0,q32_d128,278373744,128.0,32.0,0.009765655863344026,0.0,278812,0.5827647871914919,0.6215437449827524
miracl_hi,identity,pooled,0,q32_d128,282170361,128.0,32.0,0.009765655863344026,0.0,279104,0.6095494052940714,0.6333638632457171
miracl_hi,identity,token,0,q32_d128,284571226,128.0,32.0,0.009765655863344026,0.0,280896,0.6061121259200652,0.6277041562713149
miracl_hi,kmeans,pooled,0,q32_d128,9304467,4.0,4.0,0.009765655863344026,0.0,264328,0.2649323803449183,0.2672566334740259
miracl_hi,kmeans,token,0,q32_d128,234895262,99.29402051103771,27.062857142857144,0.009765655863344026,0.0,279020,0.5066072235718768,0.5260805808666296
miracl_hi,pca,pooled,0,q32_d128,295281563,128.0,32.0,0.009765655863344026,0.0,278412,0.5838854598287228,0.5826194289140403
miracl_hi,pca,token,0,q32_d128,296556988,128.0,32.0,0.009765655863344026,0.0,279720,0.5630629041657916,0.5864235119571511
miracl_hi,pq,pooled,0,q32_d128,4596506,8.0,8.0,0.009765655863344026,0.0,252396,0.25803423152039096,0.2703215275771384
miracl_hi,pq,token,0,q32_d128,112710746,116.78797030798161,31.982857142857142,0.009765655863344026,0.0,280636,0.4878939833023053,0.515949215985768
miracl_hi,rq,pooled,0,q32_d128,5355564,8.0,8.0,0.009765655863344026,0.0,255616,0.26011215005103233,0.2735010995286783
miracl_hi,rq,token,0,q32_d128,108045816,112.11559186511386,31.865714285714287,0.009765655863344026,0.0,282732,0.4803472011912215,0.5034116612088734
miracl_hi,sae,pooled,0,q32_d128,80901859,32.0,32.0,0.009765655863344026,0.0,304436,0.3672288860373997,0.3774100619750762
miracl_hi,sae,token,0,q32_d128,321038741,127.21810754863075,32.0,0.009765655863344026,0.0,312992,0.5555383142685917,0.5864452509053184
miracl_te,gaussian,pooled,0,q32_d128,282477097,128.0,32.0,0.024959513896529294,0.0,371564,0.6528329936893497,0.6679743389747497
miracl_te,gaussian,token,0,q32_d128,283981067,128.0,32.0,0.024959513896529294,0.0,374288,0.6396036504463862,0.666944385628252
miracl_te,identity,pooled,0,q32_d128,288952709,128.0,32.0,0.024959513896529294,0.0,373844,0.5965400415756413,0.6185321917356406
miracl_te,identity,token,0,q32_d128,290218939,128.0,32.0,0.024959513896529294,0.0,372004,0.5873765045081565,0.6625784984647785
miracl_te,kmeans,pooled,0,q32_d128,9024496,4.0,4.0,0.024959513896529294,0.0,355584,0.2728512440999331,0.30074001722567006
miracl_te,kmeans,token,0,q32_d128,237171366,100.97298095464205,25.202898550724637,0.024959513896529294,0.0,369636,0.5322292304186124,0.5781544574154237
miracl_te,pca,pooled,0,q32_d128,298412093,128.0,32.0,0.024959513896529294,0.0,373344,0.5726604471722694,0.5934509415620126
miracl_te,pca,token,0,q32_d128,299973842,128.0,32.0,0.024959513896529294,0.0,373424,0.6445282435155437,0.5901429025840986
miracl_te,pq,pooled,0,q32_d128,4069229,8.0,8.0,0.024959513896529294,0.0,344448,0.30404609512337505,0.32119381879394476
miracl_te,pq,token,0,q32_d128,116588618,119.063637012888,31.870772946859905,0.024959513896529294,0.0,371320,0.5310978275688043,0.5777833507462924
miracl_te,rq,pooled,0,q32_d128,5069690,8.0,8.0,0.024959513896529294,0.0,346504,0.2907570347005438,0.31787691126096146
miracl_te,rq,token,0,q32_d128,110073300,114.51476705290119,31.814009661835748,0.024959513896529294,0.0,378816,0.557533600408801,0.5767671633033747
miracl_te,sae,pooled,0,q32_d128,80901550,32.0,32.0,0.024959513896529294,0.0,394140,0.41324277382621266,0.4251088918152137
miracl_te,sae,token,0,q32_d128,324692822,127.46917169003183,32.0,0.024959513896529294,0.0,406808,0.6405035821318285,0.6698804754345703
msmarco_dev,gaussian,pooled,0,q32_d128,4781250270,128.0,32.0,1.130988485066937e-07,0.0,2574868,12.793318195582966,0.09785204232539609
msmarco_dev,gaussian,token,0,q32_d128,4853903100,128.0,32.0,1.130988485066937e-07,0.0,2547240,12.829352260666518,0.09625035558503994
msmarco_dev,identity,pooled,0,q32_d128,4956259109,128.0,32.0,1.130988485066937e-07,0.0,2587444,12.60491582975,0.09729803801675321
msmarco_dev,identity,token,0,q32_d128,4958366345,128.0,32.0,1.130988485066937e-07,0.0,2551408,12.591365676396043,0.09331103395500533
msmarco_dev,kmeans,pooled,0,q32_d128,182575440,4.0,4.0,1.130988485066937e-07,0.0,2551732,8.309383315894634,0.04318047360746246
msmarco_dev,kmeans,token,0,q32_d128,4588884926,105.13119387257582,18.041547277936964,1.130988485066937e-07,0.0,2554684,9.99063153086041,0.12087204793495136
msmarco_dev,pca,pooled,0,q32_d128,5301951435,128.0,32.0,1.130988485066937e-07,0.0,2531336,11.327496032366218,0.09812287439131524
msmarco_dev,pca,token,0,q32_d128,5255842835,128.0,32.0,1.130988485066937e-07,0.0,2532096,11.365955676397384,0.13873940125844283
msmarco_dev,pq,pooled,0,q32_d128,105806957,8.0,8.0,1.130988485066937e-07,0.0,2564040,8.144580379610895,0.044285350566447036
msmarco_dev,pq,token,0,q32_d128,2312027858,126.38337670862671,29.751719197707736,1.130988485066937e-07,0.0,2338720,10.450618489194454,0.12214027062234573
msmarco_dev,rq,pooled,0,q32_d128,112062786,8.0,8.0,1.130988485066937e-07,0.0,2519488,8.261783522026453,0.04987585054897973
msmarco_dev,rq,token,0,q32_d128,2171092535,124.08075483981075,29.164469914040115,1.130988485066937e-07,0.0,2094612,11.216468789920835,0.10583504019613661
msmarco_dev,sae,pooled,0,q32_d128,1500677472,32.0,32.0,1.130988485066937e-07,0.0,2082944,9.619312270897368,0.054588613922178696
msmarco_dev,sae,token,0,q32_d128,5754275954,127.99586544539514,32.0,1.130988485066937e-07,0.0,2078048,10.692339297492166,0.10237691145789553
nfcorpus,gaussian,pooled,0,q32_d128,1965949,128.0,32.0,0.1442334159097165,0.0,272176,0.005401279653304317,0.005202887281912434
nfcorpus,gaussian,token,0,q32_d128,1951472,128.0,32.0,0.1442334159097165,0.0,274496,0.005434425928681835,0.005132521077559471
nfcorpus,identity,pooled,0,q32_d128,2019879,128.0,32.0,0.1442334159097165,0.0,273756,0.005223251767485365,0.005004343699992579
nfcorpus,identity,token,0,q32_d128,2002126,128.0,32.0,0.1442334159097165,0.0,276528,0.005352212399051124,0.005116431563357382
nfcorpus,kmeans,pooled,0,q32_d128,60058,4.0,4.0,0.1442334159097165,0.0,256608,0.0026958695819728285,0.002198727247658425
nfcorpus,kmeans,token,0,q32_d128,2175835,127.85879438480595,15.102167182662539,0.1442334159097165,0.0,272648,0.0050432869967004,0.004604291213725351
nfcorpus,pca,pooled,0,q32_d128,2148952,128.0,32.0,0.1442334159097165,0.0,275860,0.00513672650158809,0.004817809219560053
nfcorpus,pca,token,0,q32_d128,2130378,128.0,32.0,0.1442334159097165,0.0,271608,0.005301266439740572,0.004900642396051771
nfcorpus,pq,pooled,0,q32_d128,25577,8.0,8.0,0.1442334159097165,0.0,246484,0.002790908170424275,0.002269617770942672
nfcorpus,pq,token,0,q32_d128,1018482,127.98981557941096,24.241486068111456,0.1442334159097165,0.0,270512,0.004711537668048966,0.004261823959797102
nfcorpus,rq,pooled,0,q32_d128,37788,8.0,8.0,0.1442334159097165,0.0,250680,0.002887101294494439,0.002386506736615886
nfcorpus,rq,token,0,q32_d128,1001189,127.96751995595926,24.046439628482972,0.1442334159097165,0.0,270484,0.00469302331297817,0.004273464783396134
nfcorpus,sae,pooled,0,q32_d128,578317,32.0,32.0,0.1442334159097165,0.0,299772,0.00363083038967097,0.003120766733679344
nfcorpus,sae,token,0,q32_d128,2313685,128.0,32.0,0.1442334159097165,0.0,309916,0.004846872452425917,0.004846164402544741
scidocs,gaussian,pooled,0,q32_d128,14101266,128.0,32.0,0.03768951942939549,0.0,446564,0.033461330283782446,0.03444468109100126
scidocs,gaussian,token,0,q32_d128,14030755,128.0,32.0,0.03768951942939549,0.0,448676,0.03492420083092293,0.036116564634779934
scidocs,identity,pooled,0,q32_d128,14580049,128.0,32.0,0.03768951942939549,0.0,448312,0.03384496130404296,0.03626525788818253
scidocs,identity,token,0,q32_d128,14653971,128.0,32.0,0.03768951942939549,0.0,447968,0.034488906278042124,0.03597516293398803
scidocs,kmeans,pooled,0,q32_d128,435649,4.0,4.0,0.03768951942939549,0.0,426812,0.01844761150504928,0.018824901402986143
scidocs,kmeans,token,0,q32_d128,15547616,126.18447207389796,29.647,0.03768951942939549,0.0,450448,0.030980739389080553,0.03218210744985845
scidocs,pca,pooled,0,q32_d128,15457405,128.0,32.0,0.03768951942939549,0.0,448368,0.032652621628018096,0.034227522761153525
scidocs,pca,token,0,q32_d128,15386654,128.0,32.0,0.03768951942939549,0.0,449448,0.032972939195227806,0.033087472673971205
scidocs,pq,pooled,0,q32_d128,182803,8.0,8.0,0.03768951942939549,0.0,419140,0.01901824838720495,0.019442562910728156
scidocs,pq,token,0,q32_d128,7151938,126.9042756362786,31.958,0.03768951942939549,0.0,450344,0.029932920175022446,0.03109390963194892
scidocs,rq,pooled,0,q32_d128,298048,8.0,8.0,0.03768951942939549,0.0,420116,0.019430647981003857,0.019973412794061004
scidocs,rq,token,0,q32_d128,7073450,126.85185329539696,31.922,0.03768951942939549,0.0,449928,0.03094039988098666,0.032121097864874174
scidocs,sae,pooled,0,q32_d128,4203698,32.0,32.0,0.03768951942939549,0.0,465844,0.02404393265902763,0.024571982360736003
scidocs,sae,token,0,q32_d128,16834099,127.84051136142183,32.0,0.03768951942939549,0.0,478108,0.03319293799018487,0.03452420557179721
scifact,gaussian,pooled,0,q32_d128,2830200,128.0,32.0,0.14103800887516882,0.0,264160,0.008585280859842897,0.008818191956767502
scifact,gaussian,token,0,q32_d128,2806242,128.0,32.0,0.14103800887516882,0.0,264244,0.008525870900096683,0.008806197856902145
scifact,identity,pooled,0,q32_d128,2920975,128.0,32.0,0.14103800887516882,0.0,264664,0.008704067653549525,0.008830415620468556
scifact,identity,token,0,q32_d128,2891344,128.0,32.0,0.14103800887516882,0.0,264752,0.008514130069719007,0.008847798749920912
scifact,kmeans,pooled,0,q32_d128,86058,4.0,4.0,0.14103800887516882,0.0,249824,0.004599882569358063,0.004494897473487072
scifact,kmeans,token,0,q32_d128,3121035,127.99093189272622,31.39,0.14103800887516882,0.0,263496,0.008273230060003698,0.008569853710165868
scifact,pca,pooled,0,q32_d128,3102113,128.0,32.0,0.14103800887516882,0.0,264316,0.008254979326738975,0.008492469429814567
scifact,pca,token,0,q32_d128,3070028,128.0,32.0,0.14103800887516882,0.0,263828,0.008477786103418717,0.00859584824317911
scifact,pq,pooled,0,q32_d128,39423,8.0,8.0,0.14103800887516882,0.0,238744,0.004672470966664453,0.004978177243222793
scifact,pq,token,0,q32_d128,1461728,128.0,32.0,0.14103800887516882,0.0,263668,0.007669567563571036,0.0076869467467380066
scifact,rq,pooled,0,q32_d128,56520,8.0,8.0,0.14103800887516882,0.0,241784,0.0048276804870693016,0.00470044365307937
scifact,rq,token,0,q32_d128,1444046,128.0,31.98,0.14103800887516882,0.0,265444,0.0077154163767894106,0.007992212219978683
scifact,sae,pooled,0,q32_d128,839624,32.0,32.0,0.14103800887516882,0.0,285780,0.0059658006797932706,0.005868181973540535
scifact,sae,token,0,q32_d128,3349566,128.0,32.0,0.14103800887516882,0.0,295480,0.007960960356867872,0.008266078436669584
trec_covid,gaussian,pooled,0,q32_d128,93550094,127.99925291247402,32.0,0.10088599911283357,0.0,229248,0.22153939557960256,0.2344187177985441
trec_covid,gaussian,token,0,q32_d128,94751876,127.99925291247402,32.0,0.10088599911283357,0.0,226456,0.23334579364047386,0.2412521141988691
trec_covid,identity,pooled,0,q32_d128,96732204,127.99925291247402,32.0,0.10088599911283357,0.0,226940,0.2160905197588727,0.2301318578189239
trec_covid,identity,token,0,q32_d128,97728618,127.99925291247402,32.0,0.10088599911283357,0.0,227032,0.21699766396079212,0.22941208487958648
trec_covid,kmeans,pooled,0,q32_d128,3055874,4.0,4.0,0.10088599911283357,0.0,207708,0.10341030713869259,0.10897786760004237
trec_covid,kmeans,token,0,q32_d128,87135455,105.32895197627997,26.92,0.10088599911283357,0.0,230316,0.18948072946048342,0.20074765659985128
trec_covid,pca,pooled,0,q32_d128,102613181,128.0,32.0,0.10088599911283357,0.0,229076,0.20822080399957485,0.2197998877998907
trec_covid,pca,token,0,q32_d128,103434417,127.99925291247402,32.0,0.10088599911283357,0.0,229076,0.21946357822045684,0.2293384640594013
trec_covid,pq,pooled,0,q32_d128,1422399,8.0,8.0,0.10088599911283357,0.0,197740,0.10311086328001692,0.10989614214049652
trec_covid,pq,token,0,q32_d128,44031043,113.71853477458968,31.96,0.10088599911283357,0.0,229932,0.18557202693889852,0.19550367115880363
trec_covid,rq,pooled,0,q32_d128,1922654,8.0,8.0,0.10088599911283357,0.0,200764,0.10226996177923865,0.10425809054053388
trec_covid,rq,token,0,q32_d128,41958522,112.06906473980342,32.0,0.10088599911283357,0.0,227076,0.1846134307794273,0.1988761618197895
trec_covid,sae,pooled,0,q32_d128,28278111,32.0,32.0,0.10088599911283357,0.0,246436,0.1274629677599296,0.1337446776998695
trec_covid,sae,token,0,q32_d128,111222163,126.12506128452361,32.0,0.10088599911283357,0.0,257696,0.2147541325201746,0.2290008565597236
trec_dl_2019,gaussian,pooled,0,q32_d128,4781250270,128.0,32.0,1.130988485066937e-07,0.0,209204,30.815112271143104,37.752362404630496
trec_dl_2019,gaussian,token,0,q32_d128,4853903100,128.0,32.0,1.130988485066937e-07,0.0,209472,30.232732134278283,34.11550203967449
trec_dl_2019,identity,pooled,0,q32_d128,4956259109,128.0,32.0,1.130988485066937e-07,0.0,207716,31.466067176166007,32.58123108697784
trec_dl_2019,identity,token,0,q32_d128,4958366345,128.0,32.0,1.130988485066937e-07,0.0,209724,29.74641871302346,39.33415005090754
trec_dl_2019,kmeans,pooled,0,q32_d128,182575440,4.0,4.0,1.130988485066937e-07,0.0,188376,13.189686372396972,30.779616171255874
trec_dl_2019,kmeans,token,0,q32_d128,4588884926,105.13119387257582,17.697674418604652,1.130988485066937e-07,0.0,206620,25.581668932648743,38.954420012486885
trec_dl_2019,pca,pooled,0,q32_d128,5301951435,128.0,32.0,1.130988485066937e-07,0.0,209952,28.729231497649167,40.95753743034939
trec_dl_2019,pca,token,0,q32_d128,5255842835,128.0,32.0,1.130988485066937e-07,0.0,207824,28.57448079030106,43.98431273635076
trec_dl_2019,pq,pooled,0,q32_d128,105806957,8.0,8.0,1.130988485066937e-07,0.0,184072,13.93545211004743,30.182327883534658
trec_dl_2019,pq,token,0,q32_d128,2312027858,126.38337670862671,29.953488372093023,1.130988485066937e-07,0.0,207912,25.433970770465628,40.65090577660648
trec_dl_2019,rq,pooled,0,q32_d128,112062786,8.0,8.0,1.130988485066937e-07,0.0,188740,13.739510351697218,30.048670719439965
trec_dl_2019,rq,token,0,q32_d128,2171092535,124.08075483981075,29.27906976744186,1.130988485066937e-07,0.0,212896,26.626923549790362,40.84808588327926
trec_dl_2019,sae,pooled,0,q32_d128,1500677472,32.0,32.0,1.130988485066937e-07,0.0,218668,18.855218480324893,31.661707934604006
trec_dl_2019,sae,token,0,q32_d128,5754275954,127.99586544539514,32.0,1.130988485066937e-07,0.0,211992,28.41294243672137,41.78482861581345
trec_dl_2020,gaussian,pooled,0,q32_d128,4781250270,128.0,32.0,1.130988485066937e-07,0.0,208008,27.366470262315563,29.438238215037725
trec_dl_2020,gaussian,token,0,q32_d128,4853903100,128.0,32.0,1.130988485066937e-07,0.0,208112,26.338360676891178,29.76293930933052
trec_dl_2020,identity,pooled,0,q32_d128,4956259109,128.0,32.0,1.130988485066937e-07,0.0,208016,26.987911192851175,28.178063673909357
trec_dl_2020,identity,token,0,q32_d128,4958366345,128.0,32.0,1.130988485066937e-07,0.0,207468,26.532688520706465,29.97172382838929
trec_dl_2020,kmeans,pooled,0,q32_d128,182575440,4.0,4.0,1.130988485066937e-07,0.0,188948,12.87300092957405,23.904511638313384
trec_dl_2020,kmeans,token,0,q32_d128,4588884926,105.13119387257582,18.24074074074074,1.130988485066937e-07,0.0,206440,22.52727706318601,31.28135608544323
trec_dl_2020,pca,pooled,0,q32_d128,5301951435,128.0,32.0,1.130988485066937e-07,0.0,207992,24.257912254648677,30.282844645238523
trec_dl_2020,pca,token,0,q32_d128,5255842835,128.0,32.0,1.130988485066937e-07,0.0,210060,24.672586547260405,34.05918769035014
trec_dl_2020,pq,pooled,0,q32_d128,105806957,8.0,8.0,1.130988485066937e-07,0.0,184852,23.210429798833232,12.733517156704758
trec_dl_2020,pq,token,0,q32_d128,2312027858,126.38337670862671,30.37037037037037,1.130988485066937e-07,0.0,207556,26.659786685572552,16.627323840537834
trec_dl_2020,rq,pooled,0,q32_d128,112062786,8.0,8.0,1.130988485066937e-07,0.0,188284,24.465849889427233,12.346515096853388
trec_dl_2020,rq,token,0,q32_d128,2171092535,124.08075483981075,29.27777777777778,1.130988485066937e-07,0.0,210404,29.524710298815517,15.326388858592884
trec_dl_2020,sae,pooled,0,q32_d128,1500677472,32.0,32.0,1.130988485066937e-07,0.0,226412,29.360061341553873,13.392293694500246
trec_dl_2020,sae,token,0,q32_d128,5754275954,127.99586544539514,32.0,1.130988485066937e-07,0.0,213908,23.53804066805902,15.26657764926009
