row_id,collection,corpus_id,language,basis,granularity,seed,budget,k1,b,control,ndcg_off,ndcg_on,raw_delta,margin,holm_p,fixture
a45af07688c41edbbfa4f1e2e7cac0acd85622c8dad58e507e62ddac82310d9c,arguana,beir/arguana,en,gaussian,pooled,0,q32_d128,1.2,0.75,,0.0,0.07352237408460884,0.07352237408460884,2.4071945691045946,0.09095452273863068,False
a4a3acadf1fa5bdc3d7a278d655f6828a2b3bf07efd93cd3aff357c35230c006,arguana,beir/arguana,en,gaussian,token,0,q32_d128,1.2,0.75,,0.002720760864508031,0.05697019423523464,0.05424943337072661,2.9105778466654515,0.09095452273863068,False
fc6b000bcc5aca914d6aaf2c16ae82715b8fb6c4703a93300f5a162ec8778d8c,arguana,beir/arguana,en,identity,pooled,0,q32_d128,1.2,0.75,,0.0,0.09310889273358286,0.09310889273358286,2.4527583552195655,0.09095452273863068,False
c80d9396069ac636b52c42557bb358864296453ab3d93d23f7ba4ded1229f299,arguana,beir/arguana,en,identity,token,0,q32_d128,1.2,0.75,,0.0017979226536285727,0.07908174078176337,0.0772838181281348,2.636152728933107,0.09095452273863068,False
6ea5f9a8ff6522220c8242ad05237fe9779f05b069a50cb9a7709ce8c8a2adba,arguana,beir/arguana,en,kmeans,pooled,0,q32_d128,1.2,0.75,,0.0330019064032094,0.0348947640806876,0.0018928576774781963,1.8615953433032832,1.0,False
f9e7ad66654f3f28c3c9063c880116d6a23747d48dfd6dd8e735f9828fba8780,arguana,beir/arguana,en,kmeans,token,0,q32_d128,1.2,0.75,,0.0022014173829845297,0.07531470839992715,0.07311329101694262,3.070907225597618,0.09095452273863068,False
f7ac767abbe7601706d784f4c2eb6e83f0b0f05b4b19542f18fb3b3d0e60ba6b,arguana,beir/arguana,en,pca,pooled,0,q32_d128,1.2,0.75,,0.07097545149453686,0.27024279848393323,0.19926734698939635,2.3796339599901026,0.09095452273863068,False
71aced922a2b43c2119b8a694cf754181ac2464963c8605b5bbbf3f0ed49e06d,arguana,beir/arguana,en,pca,token,0,q32_d128,1.2,0.75,,0.0034890182779285903,0.23789109132313135,0.23440207304520277,2.530361992863925,0.09095452273863068,False
d6bd1815af1db0d4efc3eac2db11febce3dc38ab42482a4cec6f17b0d2f7c9f5,arguana,beir/arguana,en,pq,pooled,0,q32_d128,1.2,0.75,,0.01760417781943331,0.014357656379359084,-0.0032465214400742275,-2.0,1.0,False
8328cddcb04097f4394529f88eb536b40c5c85e737025d7aebf4bbf3dac0f4bf,arguana,beir/arguana,en,pq,token,0,q32_d128,1.2,0.75,,0.003513400874265683,0.07760396500295223,0.07409056412868655,3.1617826802020237,0.09095452273863068,False
eac6d7b5dcaf393b092db4f696bb41e8a635eadcd6448a42428a4cbde5d48fc7,arguana,beir/arguana,en,rq,pooled,0,q32_d128,1.2,0.75,,0.04924137993549529,0.0539511169773487,0.004709737041853415,2.0,1.0,False
c6794bc13ade561cab46037b56e3f0a47a28d7648c7fb24ce672a527c8a72f95,arguana,beir/arguana,en,rq,token,0,q32_d128,1.2,0.75,,0.0008043597109327578,0.2594497641436629,0.25864540443273015,2.916647290499346,0.09095452273863068,False
19cdb2f7d94ab76a567d4427738203e4ab747794ee15b4b1ad5876e5385cdae2,arguana,beir/arguana,en,sae,pooled,0,q32_d128,1.2,0.75,,0.11088883708258508,0.12580203777623014,0.01491320069364506,2.3714758597593937,0.09095452273863068,False
2b1bfccd710750d1dbdec7e6bce97db69180c58dac38f0198e18810369e890c8,arguana,beir/arguana,en,sae,token,0,q32_d128,1.2,0.75,,0.0011599784876041661,0.37123702101911127,0.3700770425315071,2.5992199605162014,0.09095452273863068,False
5e7eae353a6cc6fc0862089936fc25349bb06b0c080dcc0f0f0d53c6c0a1f24d,fiqa,beir/fiqa,en,gaussian,pooled,0,q32_d128,1.2,0.75,,0.0017552393718797805,0.039059200024458174,0.03730396065257839,2.645140687318237,0.09095452273863068,False
f7798e7a663c30bef1e0add8f225977c79c6ecc6c848c46021054de2da4788d4,fiqa,beir/fiqa,en,gaussian,token,0,q32_d128,1.2,0.75,,0.0,0.035524568386168735,0.035524568386168735,2.611388758027758,0.09095452273863068,False
c279501bbd53280f10f6534ba0fba9e042dc0e97a1b530b8ef93e10d30299f35,fiqa,beir/fiqa,en,identity,pooled,0,q32_d128,1.2,0.75,,0.002390991407373515,0.05551451957747366,0.053123528170100145,2.398291916585743,0.09095452273863068,False
a9fcc14f9b34b8bf060a44da5532ffbdca5021eaac4ef7d2b34eb3e53cca69aa,fiqa,beir/fiqa,en,identity,token,0,q32_d128,1.2,0.75,,0.0,0.05215835426531253,0.05215835426531253,2.6174399244027136,0.09095452273863068,False
37d759de9ff6492f71261b7cbfec9ec53551059e3b0546d4bb2b908ec8af55ca,fiqa,beir/fiqa,en,kmeans,pooled,0,q32_d128,1.2,0.75,,0.013603087982533436,0.010798416065927975,-0.0028046719166054616,-2.0030403142479853,1.0,False
eee2d4c69c52032a3344d396fe48609a377401b738e1942eb25418cae772614b,fiqa,beir/fiqa,en,kmeans,token,0,q32_d128,1.2,0.75,,0.013046677033493524,0.14023633362879415,0.12718965659530063,2.3728223607814565,0.09095452273863068,False
080a9dc7476315a6d4ed69bfa4687eff3972a7ae93e8ff906aa83373f9dbd075,fiqa,beir/fiqa,en,pca,pooled,0,q32_d128,1.2,0.75,,0.002223573628878224,0.06787552488684344,0.06565195125796522,2.646097727522715,0.09095452273863068,False
dfbdd2845d18f39e012fdfdd770db43f510d615d324b238a07227d1dc0cc4f61,fiqa,beir/fiqa,en,pca,token,0,q32_d128,1.2,0.75,,0.00896502257054914,0.17733925026737865,0.1683742276968295,2.4075053878182207,0.09095452273863068,False
9de63373b0c81419cc6addf7799631dae526c16a7a37ba054de3b77dadc71f2a,fiqa,beir/fiqa,en,pq,pooled,0,q32_d128,1.2,0.75,,0.00397429338564063,0.005236548316481833,0.0012622549308412027,2.0,1.0,False
b5a3fe04e8bb3f4a20ea1bb498ec7905bdae397da4fa47b4b9bb8b11c1dda525,fiqa,beir/fiqa,en,pq,token,0,q32_d128,1.2,0.75,,0.013730400020886931,0.0695354037009912,0.05580500368010427,2.1677528220788287,0.09095452273863068,False
5a14f509aefc47cf78831e53ef5183439f259b9689bff3bffbdbdf2a8a58885e,fiqa,beir/fiqa,en,rq,pooled,0,q32_d128,1.2,0.75,,0.009705975442008373,0.016731592535024813,0.00702561709301644,2.0,0.6086956521739131,False
f99b9f62d22295a08433f563a96867e5e8baaf8e931465ab06dd6c4da7dfab94,fiqa,beir/fiqa,en,rq,token,0,q32_d128,1.2,0.75,,0.03168745159815163,0.20015496802264085,0.1684675164244892,2.3785023421513323,0.09095452273863068,False
032c5124f5ca757278d9e15f18f0b97608a843fe086fc62445c570a1ac43de14,fiqa,beir/fiqa,en,sae,pooled,0,q32_d128,1.2,0.75,,0.028141741466850126,0.047980870209709654,0.01983912874285953,2.760986962083841,0.09095452273863068,False
3c04488a5ac65ad80485eb3b9504e2352f81a962cb0a6ba03166804f2b08b353,fiqa,beir/fiqa,en,sae,token,0,q32_d128,1.2,0.75,,0.051870881010241204,0.26560288991060527,0.21373200890036406,2.6034435613632003,0.09095452273863068,False
48cfdbb084e0c6c62e8ce924e1e98960e950df17360436373e90be0a928db2c6,limit,limit,en,gaussian,pooled,0,q32_d128,1.2,0.75,,0.0006000291211906981,0.0003978088012057569,-0.00020222031998494118,-0.5409333556744864,1.0,False
c87c3a61f484cab730d7db12106980bb4da6e4b3bcdf8e6afc210ad9da1e34f8,limit,limit,en,gaussian,token,0,q32_d128,1.2,0.75,,0.00041443699955334397,0.00036181498356361593,-5.262201598972804e-05,-0.1456792108375754,1.0,False
8b2063da939b28cbe33d019a15d639fa103249b02fec378c08aafcc1b0c2f53d,limit,limit,en,identity,pooled,0,q32_d128,1.2,0.75,,0.0,0.0008315546295836226,0.0008315546295836226,1.4215243945140892,1.0,False
9271875af9bb7efd473dd519fb6016e144e9b5787635e5ce31ec8aaf44bc66db,limit,limit,en,identity,token,0,q32_d128,1.2,0.75,,0.0,0.0007293634307893794,0.0007293634307893794,1.3892759953082647,1.0,False
f1761c58dd79a6d3200cea1e3cc966d716116858a250800161e2b54d0adb9e07,limit,limit,en,kmeans,pooled,0,q32_d128,1.2,0.75,,0.0,0.0,0.0,,1.0,False
334bf72f5dc96c10c08ff25480426ec3ce2264b27a67f13612378a5f026e1de9,limit,limit,en,kmeans,token,0,q32_d128,1.2,0.75,,0.004725450810002094,0.03215639280171988,0.027430941991717785,2.72570220394208,0.09095452273863068,False
3dc476a20c0e5382988512d0951d4e091c4340ecc807b5c39900cfe4c0c4d288,limit,limit,en,pca,pooled,0,q32_d128,1.2,0.75,,0.0014634920983002129,0.0017621787459701894,0.0002986866476699765,2.433491557238443,1.0,False
20dd61883785a4292a1dfd03c721aa8cf097f72221967955a91da6bfbc5bf734,limit,limit,en,pca,token,0,q32_d128,1.2,0.75,,0.00039564672360221194,0.0003065735963827292,-8.907312721948273e-05,-0.09890869803242267,1.0,False
1973f2942a453eefa26a37640b716e15edd1778bceff794495095069b3f0acc6,limit,limit,en,pq,pooled,0,q32_d128,1.2,0.75,,0.0,0.0,0.0,,1.0,False
b0fd67213634d551c9381de441d4a58fbfe17d0ecd54e2b10d8a9c0fccdb8fa7,limit,limit,en,pq,token,0,q32_d128,1.2,0.75,,0.00038162168437253386,0.0,-0.00038162168437253386,-1.1762265174506155,1.0,False
f8ed4c29b62aa25e47f76d3fdfab90a677ce0e2cca59b7daf2c9c7d720c02ae9,limit,limit,en,rq,pooled,0,q32_d128,1.2,0.75,,0.0,0.0,0.0,,1.0,False
c4a3b93dde807f9065ec329e64cf1a383a52e56583b671ccd5168ed646fc1820,limit,limit,en,rq,token,0,q32_d128,1.2,0.75,,0.0006131471927654584,0.008223542611698394,0.007610395418932935,2.5981507205679466,0.09095452273863068,False
45810560c4479e127f5d5b9df0a8686ed382764ea6dd7210ad24d1c39971a80f,limit,limit,en,sae,pooled,0,q32_d128,1.2,0.75,,0.0006131471927654584,0.0003065735963827292,-0.0003065735963827292,-2.0,1.0,False
58678dcc17ddbb446072d9ac5e774025b0d1fbd971addacf8e7df115154f68cb,limit,limit,en,sae,token,0,q32_d128,1.2,0.75,,0.0010458239295527022,0.0080477766982812,0.007001952768728498,2.7841579924476965,0.09095452273863068,False
c86adfdd9451e112f69b50e011d3b767932e2661d2e67942fd95cf54d03c73e2,miracl_bn,miracl/bn,bn,gaussian,pooled,0,q32_d128,1.2,0.75,,0.0018569486902714157,0.16475459226972325,0.16289764357945183,2.2264115065073136,0.09095452273863068,False
9991eb71398318ccd45e0c4f7c8aa9ae95f0167784dd41797721038d3ae16050,miracl_bn,miracl/bn,bn,gaussian,token,0,q32_d128,1.2,0.75,,0.004090895470612524,0.15268076270458047,0.14858986723396794,2.061746542680182,0.09095452273863068,False
1f2251aea3535f4a373fbf7c64622396f356a2fe324fa00fdd393af23d10be0c,miracl_bn,miracl/bn,bn,identity,pooled,0,q32_d128,1.2,0.75,,0.0004312391405937901,0.24998804745184186,0.24955680831124807,2.4632982757362156,0.09095452273863068,False
e34a290a39cfebb9af27a6783048d4ff0a478a89aedeacaf91da04a25d7066af,miracl_bn,miracl/bn,bn,identity,token,0,q32_d128,1.2,0.75,,0.0008666841535474992,0.2549619739162814,0.2540952897627339,2.3169589543977147,0.09095452273863068,False
4c80c3499605cc1ac6121c844fef67bdce7131b05bc4e3a5f37daa9a9ed68200,miracl_bn,miracl/bn,bn,kmeans,pooled,0,q32_d128,1.2,0.75,,0.006046066904870194,0.006991122194869944,0.0009450552899997501,1.7677817145255215,1.0,False
651c815a4c7759721712d37bdbb4e8cd5d4f4e727311a7379e8fca726f38fc0c,miracl_bn,miracl/bn,bn,kmeans,token,0,q32_d128,1.2,0.75,,0.03073778179767129,0.18407469129441587,0.15333690949674458,1.9245055963995281,0.09095452273863068,False
29d8dea56c38c30ab655550fb9a46e8ab6e0bb85e73ad2ce788790ce8fd03631,miracl_bn,miracl/bn,bn,pca,pooled,0,q32_d128,1.2,0.75,,0.011326933202599641,0.3162206312366212,0.30489369803402155,2.9447607584768973,0.09095452273863068,False
1feea5bee16586832714bad8df09b7bc8f726f13fd8f27f2821bc626bf2df7dc,miracl_bn,miracl/bn,bn,pca,token,0,q32_d128,1.2,0.75,,0.043196157741269565,0.455342250612559,0.41214609287128945,2.3437437042905245,0.09095452273863068,False
a4ff93975996e2afd861e9a1d943837ff38f3754a3dbd4720943ae688b923c37,miracl_bn,miracl/bn,bn,pq,pooled,0,q32_d128,1.2,0.75,,0.005871653158487831,0.005684682762379252,-0.00018697039610857894,-2.0,1.0,False
094591f967812338ce383dd1b833926ffdd6b5773c0704a23c85ebfac83156a1,miracl_bn,miracl/bn,bn,pq,token,0,q32_d128,1.2,0.75,,0.03192662253504204,0.19342374058912343,0.1614971180540814,2.0487547436029403,0.09095452273863068,False
d08c1837267c5db18363c6b092c5b83552934352e2d01c3ffe5df30048909a7a,miracl_bn,miracl/bn,bn,rq,pooled,0,q32_d128,1.2,0.75,,0.020832448716245743,0.036701854394419954,0.01586940567817421,2.0,0.09095452273863068,False
145492657228f091fd1dbafee1db29de14bdfc458e8ac86d3199fcb102e6e25a,miracl_bn,miracl/bn,bn,rq,token,0,q32_d128,1.2,0.75,,0.06734942249142495,0.38029316303062255,0.3129437405391976,2.1334317080827803,0.09095452273863068,False
65e0e57308fa17783ffff4e1838d4bc8e5a2c5a4cef0be480c0cc3d24858f236,miracl_bn,miracl/bn,bn,sae,pooled,0,q32_d128,1.2,0.75,,0.0820420908102306,0.13969108309463837,0.05764899228440777,2.0906319550733965,0.09095452273863068,False
c54492ddb8fb5a49a20db00c22540cff7e28ccfaf8e1d6ebee1ab8e4532f64fa,miracl_bn,miracl/bn,bn,sae,token,0,q32_d128,1.2,0.75,,0.046899924118877764,0.4896916893454297,0.44279176522655195,2.459330286102365,0.09095452273863068,False
5a5ae3f08ad56a3640913138144e230a65d7da75bf18c79a386407424d4ec83f,miracl_hi,miracl/hi,hi,gaussian,pooled,0,q32_d128,1.2,0.75,,0.006839266767903588,0.0679582032631462,0.06111893649524261,2.2659939956618156,0.09095452273863068,False
ed4063981280e1edb9fbefa47ea4cd8936f38457ccfa7c2d41b0b414c84ba8ed,miracl_hi,miracl/hi,hi,gaussian,token,0,q32_d128,1.2,0.75,,0.0,0.06203147717755924,0.06203147717755924,2.357101861788492,0.09095452273863068,False
d2f0826084924bb5219dbe8562342e8b2a8e9fe0374253a209de11981a19cfe5,miracl_hi,miracl/hi,hi,identity,pooled,0,q32_d128,1.2,0.75,,0.002857142857142857,0.10100195089607106,0.0981448080389282,2.2528586209265837,0.09095452273863068,False
d70237026ee7dbee4a8eaa4631a8646b1a8eed82d931a357cca64ad959367975,miracl_hi,miracl/hi,hi,identity,token,0,q32_d128,1.2,0.75,,0.0,0.10160390881172489,0.10160390881172489,2.3242119166032364,0.09095452273863068,False
619e6725ca8f0150d8b578c3382753a13c21250349fd82f04421535278d67ed1,miracl_hi,miracl/hi,hi,kmeans,pooled,0,q32_d128,1.2,0.75,,0.006265470835364295,0.008384003196782279,0.0021185323614179843,2.4708444561357776,1.0,False
f95a003e6c641bc4b8880400800a2ae041e689b300201fc7144a4110016623c2,miracl_hi,miracl/hi,hi,kmeans,token,0,q32_d128,1.2,0.75,,0.01617125266229063,0.12842739924979119,0.11225614658750055,2.218739665919874,0.09095452273863068,False
ea60627c9cbdcf337833ff3d3a1a36a4606a014f6705a8c7f972032307c0b6ba,miracl_hi,miracl/hi,hi,pca,pooled,0,q32_d128,1.2,0.75,,0.013330493487067585,0.20369243845767118,0.1903619449706036,3.0703960877203236,0.09095452273863068,False
da9e7dbde8c30ac33923524d26948f8d6b19eb3cc82b54e9d2d0c3ce3be96a3c,miracl_hi,miracl/hi,hi,pca,token,0,q32_d128,1.2,0.75,,0.007782889198812156,0.26304518614931743,0.2552622969505053,2.3424621606944998,0.09095452273863068,False
d979728abfe5bb4378a34d785ddcea3725d0b5f13aaef4d241973bdc63b4b8cd,miracl_hi,miracl/hi,hi,pq,pooled,0,q32_d128,1.2,0.75,,0.003865777588476403,0.007081199892663828,0.003215422304187425,2.0,1.0,False
c42e0451aac1139fa2d0e967cf225d3a958fae6860aac4e73ae24a054692124f,miracl_hi,miracl/hi,hi,pq,token,0,q32_d128,1.2,0.75,,0.008962152566763493,0.08653999418989441,0.07757784162313092,2.6924732836430327,0.09095452273863068,False
c00fd7f80832b4cf92cdcab71bcd4f9ae725f3c7b3e4f67f7e2bc5801ce267af,miracl_hi,miracl/hi,hi,rq,pooled,0,q32_d128,1.2,0.75,,0.020511537738277828,0.035746472744184715,0.015234935005906888,2.0,0.2638680659670165,False
0c5b9aadf847ce74d77cbad730d2bb560fb58c8b6785c2be21c3be26f3b15b8e,miracl_hi,miracl/hi,hi,rq,token,0,q32_d128,1.2,0.75,,0.010256436559950418,0.24400409274296106,0.23374765618301063,2.494266112595145,0.09095452273863068,False
7acb98b3bbae94818f79c59c64b6aed577bc8563cc73ca9db4d5ee5a1981970e,miracl_hi,miracl/hi,hi,sae,pooled,0,q32_d128,1.2,0.75,,0.03939723696077232,0.09144072459258495,0.052043487631812636,2.719938731886961,0.09095452273863068,False
ac9e1ccad47526f15b53723209a374a07e8ea088b2bc3a5e1139f1d27333c4b3,miracl_hi,miracl/hi,hi,sae,token,0,q32_d128,1.2,0.75,,0.01760083908183601,0.3282614897210646,0.3106606506392286,2.6071102993280846,0.09095452273863068,False
015d978d9a6d13437b692c797f46f4956ffab4c445202d8eb62f07e984774cdc,miracl_te,miracl/te,te,gaussian,pooled,0,q32_d128,1.2,0.75,,0.005456259131408212,0.22858928951724156,0.22313303038583335,2.4018052741734377,0.09095452273863068,False
a6685c3f020e172cc06fa4780afa34b327d0cfad9d31edd1912e1b78d591a35f,miracl_te,miracl/te,te,gaussian,token,0,q32_d128,1.2,0.75,,0.0012821332266242157,0.23942971485454903,0.23814758162792482,2.2455533872712103,0.09095452273863068,False
b359b4dfeebde926688d5c5e271187650f48a9534e6fad86748e41706b22d027,miracl_te,miracl/te,te,identity,pooled,0,q32_d128,1.2,0.75,,0.00627117882272501,0.34958975175145207,0.3433185729287271,2.5384184736276842,0.09095452273863068,False
32736d586b8ed882ce3fb6ed8a1e3b7c00062e9aa406b2253d9a2122b6c18cca,miracl_te,miracl/te,te,identity,token,0,q32_d128,1.2,0.75,,0.00046721353530741744,0.3817411075735309,0.3812738940382235,2.223714741300701,0.09095452273863068,False
06c4e49ceae983995192d51220ed061e3c6a35fcd382e2c5de5da67efdd6bf55,miracl_te,miracl/te,te,kmeans,pooled,0,q32_d128,1.2,0.75,,0.0031989279159148035,0.00370272277081619,0.0005037948549013863,1.5281801558078292,1.0,False
ccd534db855d3f31cce56b73f0d7242336556fc1d223c402b1cf10a04c3694b9,miracl_te,miracl/te,te,kmeans,token,0,q32_d128,1.2,0.75,,0.020863053659550955,0.15897035109041302,0.13810729743086206,1.8902974013792122,0.09095452273863068,False
cf9403028fe0e9131536d2eb699cca7b729180e9eb6e3e46c3123a5d8dbf5ef2,miracl_te,miracl/te,te,pca,pooled,0,q32_d128,1.2,0.75,,0.01781529098592343,0.31975739565209815,0.3019421046661747,2.9854422431574044,0.09095452273863068,False
23d0e7577c60146176bc863f4f898579065ee0cc9c44a0db23e604af1d5c0010,miracl_te,miracl/te,te,pca,token,0,q32_d128,1.2,0.75,,0.018375112688089494,0.5471454265855695,0.5287703138974801,2.3713789829615086,0.09095452273863068,False
5b28f8728ce4ed2a71a4e94e0f924de9989b788b607fbef699fb5f27888b334a,miracl_te,miracl/te,te,pq,pooled,0,q32_d128,1.2,0.75,,0.0015887256966011219,0.0040378552267965,0.002449129530195378,2.0,1.0,False
f484f7a49c4cb8a703267d0d7f6a8a63cca842268162a748d044b4cb2990e318,miracl_te,miracl/te,te,pq,token,0,q32_d128,1.2,0.75,,0.015321197274567105,0.22736698312240322,0.21204578584783612,1.9440865048008746,0.09095452273863068,False
2acced492b5028f05e0a88f4986ec98eb8dc9585459454d1d1f4ab64b48e124b,miracl_te,miracl/te,te,rq,pooled,0,q32_d128,1.2,0.75,,0.01887282330768634,0.028320537384477013,0.009447714076790674,2.0,0.2638680659670165,False
9ec20df174bb8c06efa4c626c75ed32232461324b95645b635f96524114905be,miracl_te,miracl/te,te,rq,token,0,q32_d128,1.2,0.75,,0.04115557511195887,0.43510038009687935,0.39394480498492046,2.115642113606015,0.09095452273863068,False
e7bce418aa7c58e4d5e2eda4aad7b355985d13e30a078b0b4b819c39823cac4b,miracl_te,miracl/te,te,sae,pooled,0,q32_d128,1.2,0.75,,0.06495157779495334,0.12466221355382402,0.059710635758870687,2.505286211388641,0.09095452273863068,False
6f0022fef1edced8411eca866df57352acf4b92f8e698ed1adb78bcf84827078,miracl_te,miracl/te,te,sae,token,0,q32_d128,1.2,0.75,,0.05203383563125564,0.5792963889062228,0.5272625532749672,2.4104689169593136,0.09095452273863068,False
fb2668b6f190b4a610c9898e2aea8c2d55ca8168ae1becdbcd47181a62806450,msmarco_dev,msmarco-passage,en,gaussian,pooled,0,q32_d128,1.2,0.75,,0.009641776691252662,0.07934155073831066,0.069699774047058,2.1649728590576593,0.09095452273863068,False
54dda1fe0bc8feed185018a7a5e091f735ef96bc41d8b8a04a3477c6dab8e004,msmarco_dev,msmarco-passage,en,gaussian,token,0,q32_d128,1.2,0.75,,0.0,0.0605421925579734,0.0605421925579734,2.535406637066311,0.09095452273863068,False
e70859a6cdf349faa2b2e5c7747f8c6d9efa23ab39b87eea4cb5afdba8cdce94,msmarco_dev,msmarco-passage,en,identity,pooled,0,q32_d128,1.2,0.75,,0.0030252785159919308,0.11251356629229718,0.10948828777630525,2.406148243448036,0.09095452273863068,False
69a3d3b65ca79bd10f5bbdcef2217dfeab215ae9235ae2a60cecfed57bbd0afa,msmarco_dev,msmarco-passage,en,identity,token,0,q32_d128,1.2,0.75,,0.0,0.09298476714086039,0.09298476714086039,2.316963070508818,0.09095452273863068,False
5282b8e445e7822996a95609c752fb114d1ea34f81fa34033293d1d4b48ab0fb,msmarco_dev,msmarco-passage,en,kmeans,pooled,0,q32_d128,1.2,0.75,,0.006941288086862382,0.006818102289216681,-0.00012318579764570084,-0.29070589307489086,1.0,False
712c28fdfc7f54f2ecd0d78404c624821c206be07a19c52621bdb406686da630,msmarco_dev,msmarco-passage,en,kmeans,token,0,q32_d128,1.2,0.75,,0.0026722609254890574,0.12569098741546525,0.1230187264899762,2.3303493453606117,0.09095452273863068,False
49a0705a29ac42b9bfc882c37df1425f244eee129012453ca1e463395da79901,msmarco_dev,msmarco-passage,en,pca,pooled,0,q32_d128,1.2,0.75,,0.01743621748917581,0.24099987763445976,0.22356366014528395,2.5822595745359513,0.09095452273863068,False
0c78b5c4be476fc6948df287ad0e52fb17757c2d81b09749e631f148ad9526ce,msmarco_dev,msmarco-passage,en,pca,token,0,q32_d128,1.2,0.75,,0.0001972748663557714,0.2650598010333258,0.26486252616697004,2.2827110402296076,0.09095452273863068,False
81650f22fcb8dbd4d64693000a3551fdacc73c08e30a6c00ba32aeafd74f36f3,msmarco_dev,msmarco-passage,en,pq,pooled,0,q32_d128,1.2,0.75,,0.000970972806262019,0.00181575645760948,0.000844783651347461,2.0,0.09095452273863068,False
01bdc971b12db2cba409a66f0caa89169dbf1eecced5f81c424c6d948fef121d,msmarco_dev,msmarco-passage,en,pq,token,0,q32_d128,1.2,0.75,,0.0016921168498471206,0.08137346098141886,0.07968134413157174,2.2936005368699885,0.09095452273863068,False
a7152a5748d08c17315ccfab667ade577c624fbabf928abbcc0bcf5626e57b6d,msmarco_dev,msmarco-passage,en,rq,pooled,0,q32_d128,1.2,0.75,,0.02155327437551226,0.037501204175084665,0.015947929799572404,2.0,0.09095452273863068,False
9dbba3498353ea93da6957ac8754b71f9a3eb6997b631c3bd14caeaa5c48f2f6,msmarco_dev,msmarco-passage,en,rq,token,0,q32_d128,1.2,0.75,,0.017401331194825814,0.2664507663113318,0.24904943511650598,2.4830982513359765,0.09095452273863068,False
d55544b8eaf287f5fac2b4590d9231568767409a3f209b946e5026e7a458a290,msmarco_dev,msmarco-passage,en,sae,pooled,0,q32_d128,1.2,0.75,,0.08532011849508746,0.13267526721732154,0.04735514872223408,2.8093537417025454,0.09095452273863068,False
efd86bd78a3d6b409e36eee00e2a5c0621d3ee8084698add794f6bea7d5c80bf,msmarco_dev,msmarco-passage,en,sae,token,0,q32_d128,1.2,0.75,,0.02143887665100741,0.31791815591940736,0.29647927926839995,2.434983550783689,0.09095452273863068,False
3f07b9292ec251a1420cefe6bbd802260954008646cb50407d87db26f491a3c2,nfcorpus,beir/nfcorpus,en,gaussian,pooled,0,q32_d128,1.2,0.75,,0.018162967281590687,0.08027946441366555,0.06211649713207487,2.62246907806007,0.09095452273863068,False
e0c6df010007d4dd2fbb893889fb295fb74ba543d85668fe1fdd04cf58a13975,nfcorpus,beir/nfcorpus,en,gaussian,token,0,q32_d128,1.2,0.75,,0.032591040043047206,0.07799107281259075,0.04540003276954355,2.8681257088317085,0.09095452273863068,False
164c817f685d1b58e8e6364255269902de9da722f0b1902b166d8631ad4b0135,nfcorpus,beir/nfcorpus,en,identity,pooled,0,q32_d128,1.2,0.75,,0.017388053467144636,0.09108383459464833,0.07369578112750369,2.273719922700464,0.09095452273863068,False
f287a6a0ac24504edbba818d6d111c3078bb4faeaa305628ce4bc718910d9c79,nfcorpus,beir/nfcorpus,en,identity,token,0,q32_d128,1.2,0.75,,0.03179684687197231,0.08406935524095756,0.05227250836898525,2.0948644020806504,0.09095452273863068,False
e9c4fbeb59c01ec78ad3b07b857f8045f4f65edb24b9e6665e546c5254aa57f6,nfcorpus,beir/nfcorpus,en,kmeans,pooled,0,q32_d128,1.2,0.75,,0.020628665795826662,0.020364759636918403,-0.00026390615890825933,-1.8620439425407436,1.0,False
375e9040dadf837d0f951c3ca73fbc2395fa31d669a961df64c4dce3b644619f,nfcorpus,beir/nfcorpus,en,kmeans,token,0,q32_d128,1.2,0.75,,0.12004717607960792,0.21999209471022602,0.0999449186306181,2.277022344352809,0.09095452273863068,False
2becd37d7823a6af5369908830cb2c33727b15826d0c37da8d762f9c50312676,nfcorpus,beir/nfcorpus,en,pca,pooled,0,q32_d128,1.2,0.75,,0.03682046912813906,0.037334510373508864,0.0005140412453698007,0.008790570790664847,1.0,False
cc537009f18c871fe613c31fa6179c9de0c3c4ac8294698563b769dce89a9f1a,nfcorpus,beir/nfcorpus,en,pca,token,0,q32_d128,1.2,0.75,,0.0668890474181344,0.18311133637394048,0.11622228895580608,2.7631425210937484,0.09095452273863068,False
bf908353420f5faf56ba22980eac407d7cb84a45d5b663b8ce546a756992feff,nfcorpus,beir/nfcorpus,en,pq,pooled,0,q32_d128,1.2,0.75,,0.019825765095006734,0.02248465088892366,0.002658885793916925,2.0,1.0,False
df00d5ea0a42289e0de50fb88945c872a9aef38e2322c3800524d55666c1b0bf,nfcorpus,beir/nfcorpus,en,pq,token,0,q32_d128,1.2,0.75,,0.0695638176483905,0.11902101846881373,0.049457200820423236,2.3671403875025203,0.09095452273863068,False
df7cc3898338f7eb29e0e54a2fcb63973f7368718a61230ddaf2c80e3233e256,nfcorpus,beir/nfcorpus,en,rq,pooled,0,q32_d128,1.2,0.75,,0.050778450650359935,0.07123249446602041,0.020454043815660475,2.0,0.09095452273863068,False
9b0c71ce7362aa8404cb238636f427c333e8a1c62adc14d54acc50affa8edebb,nfcorpus,beir/nfcorpus,en,rq,token,0,q32_d128,1.2,0.75,,0.15183593317156133,0.2418523715842616,0.09001643841270027,2.3375612471864207,0.09095452273863068,False
99f86eb9cb71745b334a44eb3d4e2bde08a367267e52b54d3311089c585da089,nfcorpus,beir/nfcorpus,en,sae,pooled,0,q32_d128,1.2,0.75,,0.0729377899584686,0.07285375238939477,-8.403756907382487e-05,-0.021385014189440336,1.0,False
5f46bca832d1b058a5ff92e78f6922d604a3a368fcb895498e6eb5557f78d5cc,nfcorpus,beir/nfcorpus,en,sae,token,0,q32_d128,1.2,0.75,,0.18666720354737737,0.2849135662487333,0.09824636270135595,2.803220780193874,0.09095452273863068,False
5fd5400d4847e089b401b734433092c67d1cd26a33193913e711493e7d8c070f,scidocs,beir/scidocs,en,gaussian,pooled,0,q32_d128,1.2,0.75,,0.007890578478710704,0.026503103688640034,0.01861252520992933,1.751184058906843,0.09095452273863068,False
a8247fb90330291789af3f1e920e892d61796b6875eb5867a6c6f0ba623c3582,scidocs,beir/scidocs,en,gaussian,token,0,q32_d128,1.2,0.75,,0.0003980847300545424,0.02170458540525845,0.02130650067520391,2.354307358667603,0.09095452273863068,False
b981fd40ee239e1d5ce857014118fa5c0842ceb7a35d4022a5a5eb55c1b71e51,scidocs,beir/scidocs,en,identity,pooled,0,q32_d128,1.2,0.75,,0.005412216396585904,0.04127204373000332,0.035859827333417416,2.3278114447282356,0.09095452273863068,False
9f031e28cdcb1ce171280aa884f8b5c1c6b019b389784b1341a71fb61f45e15e,scidocs,beir/scidocs,en,identity,token,0,q32_d128,1.2,0.75,,0.0004897883503646065,0.03719987652448701,0.036710088174122406,2.417751809332348,0.09095452273863068,False
f5e07576099fa96c3ddc202c57e9fca88b7cebf5ad6c749f9aabf66a3d55ba09,scidocs,beir/scidocs,en,kmeans,pooled,0,q32_d128,1.2,0.75,,0.008260745083890438,0.00782776267580013,-0.00043298240809030823,-2.268246513568679,1.0,False
867642bbacb165c07ca035111d37c6c2f926b60fd9922ca960f804caedaa5f90,scidocs,beir/scidocs,en,kmeans,token,0,q32_d128,1.2,0.75,,0.0110184773398568,0.08144939260373875,0.07043091526388195,2.609420181788496,0.09095452273863068,False
c17465ae84fb3a3902a1b9933c82bb7cd18d0271aeac404e9ee9c352bdd67202,scidocs,beir/scidocs,en,pca,pooled,0,q32_d128,1.2,0.75,,0.010675043618599118,0.016491163916777633,0.005816120298178514,0.577402747452899,0.09095452273863068,False
34ffed8fd24d23774424551c67d715dc1b78aac9667011629b84dfd772274756,scidocs,beir/scidocs,en,pca,token,0,q32_d128,1.2,0.75,,0.003337906721263765,0.08841574867426578,0.08507784195300203,2.488165224330414,0.09095452273863068,False
414ba278886ba20f4c415fb6ed0b7e14b05baf86dc245294719b558c63e9f261,scidocs,beir/scidocs,en,pq,pooled,0,q32_d128,1.2,0.75,,0.003189560649097243,0.003593927449161561,0.00040436680006431793,2.0,1.0,False
f88f607180deed7c5d11e6812dd6124650b2e935c3ee109cd93b9c663c0eeae1,scidocs,beir/scidocs,en,pq,token,0,q32_d128,1.2,0.75,,0.006400772745699953,0.04863940027764414,0.04223862753194419,2.4187385939734476,0.09095452273863068,False
0075e4172f2123ae1b8683dd0f16835855cb9ea2b667e740de38719d2ba404e3,scidocs,beir/scidocs,en,rq,pooled,0,q32_d128,1.2,0.75,,0.014681465072401029,0.01791969138964958,0.0032382263172485524,2.0000000000000004,0.6761619190404798,False
df50bc3863f2d3cd3d2c9ab1887f91b33c68883ab141b7a10719d85a9884a4c0,scidocs,beir/scidocs,en,rq,token,0,q32_d128,1.2,0.75,,0.020438206662411113,0.08507027132952731,0.0646320646671162,2.5065541638970075,0.09095452273863068,False
7297bb64a395a7318221415a764e2137a50b54a82f2ab65058821d0416a7f30c,scidocs,beir/scidocs,en,sae,pooled,0,q32_d128,1.2,0.75,,0.011970122480631631,0.015233793726287649,0.0032636712456560173,0.9912649972637273,0.09095452273863068,False
a885bb9a905b7f39b1e3fa04b41a5dadefc7a9cf4f9c2d9ced0896fa8389a3f8,scidocs,beir/scidocs,en,sae,token,0,q32_d128,1.2,0.75,,0.025281777428665865,0.12038775168787706,0.09510597425921119,2.766956349225234,0.09095452273863068,False
effe2f476c55be6e4955f10444591d41cf8dcdfa3ca9443f35c2dc813f6d079a,scifact,beir/scifact,en,gaussian,pooled,0,q32_d128,1.2,0.75,,0.03494893330096498,0.10548159813560813,0.07053266483464316,1.524891472373225,0.09095452273863068,False
9da9646b4e086b7b04795f51299b6ac4bf3927158171b8c828bfdd37a0df7e60,scifact,beir/scifact,en,gaussian,token,0,q32_d128,1.2,0.75,,0.016592867671621426,0.08850287912217372,0.0719100114505523,1.9858320679188604,0.09095452273863068,False
25f24f4147f893b7ecb671c548a9001f5e45d4f5cab4daa4c23b839943b441fa,scifact,beir/scifact,en,identity,pooled,0,q32_d128,1.2,0.75,,0.018862705309804356,0.1930039349025459,0.17414122959274153,2.8099242835547,0.09095452273863068,False
0f5dc19310d194b82008a44855fe6cd061a1f630ad8454c15a18ffb7fab71550,scifact,beir/scifact,en,identity,token,0,q32_d128,1.2,0.75,,0.03390319183855001,0.17178314751436427,0.13787995567581426,2.5881242676953202,0.09095452273863068,False
50719cc428f3d3f099666eb9060a5aa3da0acd1e658b9aaac652e23e61f9a71a,scifact,beir/scifact,en,kmeans,pooled,0,q32_d128,1.2,0.75,,0.027166288214995664,0.025707943715148375,-0.0014583444998472889,-1.710942430314267,1.0,False
a5e7751cc2d448b493e994960c30d5ca886dfe9c0c63943957a79fdd60ef0e8e,scifact,beir/scifact,en,kmeans,token,0,q32_d128,1.2,0.75,,0.10555663006896675,0.39039160403339407,0.2848349739644273,2.1806995033361067,0.09095452273863068,False
fbf67332c55314baa63454c1650067117ef845852c8a049ef55cc564cd5299ee,scifact,beir/scifact,en,pca,pooled,0,q32_d128,1.2,0.75,,0.15410000792243897,0.176801673674576,0.02270166575213703,0.2099102445015568,1.0,False
05d57913f3725e15c61fce2bf73bd64a14aa893c3bde5989a6e15e99a6247419,scifact,beir/scifact,en,pca,token,0,q32_d128,1.2,0.75,,0.11298869897817927,0.37902567673972126,0.266036977761542,2.639330408024682,0.09095452273863068,False
14dc27a9cb1e5af38e06f2952dd18637773e1d00d60675b61243a3b49cad22db,scifact,beir/scifact,en,pq,pooled,0,q32_d128,1.2,0.75,,0.018271977799869107,0.01744416903654287,-0.0008278087633262383,-2.0,1.0,False
6934bdcc7923733444fa8171c774f7480dabc7b3ebec2d520bef584122c22b11,scifact,beir/scifact,en,pq,token,0,q32_d128,1.2,0.75,,0.10072063908411585,0.26288351670202303,0.16216287761790718,2.175276377425061,0.09095452273863068,False
10e731ecba0d55a6eac5baad9286f062e0ef990de02ef6b602ef8d3e193ac2e0,scifact,beir/scifact,en,rq,pooled,0,q32_d128,1.2,0.75,,0.05425129550560507,0.07779356014691557,0.023542264641310505,2.0,0.3218390804597701,False
c41e37b8a8b45975bceeb47a0fcbbb37fc88fc169c8b91db2650e2a1b947f26e,scifact,beir/scifact,en,rq,token,0,q32_d128,1.2,0.75,,0.2381652968720663,0.32997037188456474,0.09180507501249843,1.406814140266773,0.09095452273863068,False
946d38ce3c0b4d473a4bfdb3b920fa443e158db00d8b11fb5ec047641a44af5b,scifact,beir/scifact,en,sae,pooled,0,q32_d128,1.2,0.75,,0.10241254429728422,0.11840333738491969,0.01599079308763547,2.298740572172355,0.95952023988006,False
e5d241f2d2083b22d2c0222276046d8506ddfba72a6db8343687837cfcbe00fb,scifact,beir/scifact,en,sae,token,0,q32_d128,1.2,0.75,,0.22247855397818128,0.4192782038494227,0.19679964987124143,2.712084133306335,0.09095452273863068,False
0ee142c0cb0e158e650e5cf7286f002a989dacfd3db9acd08b5b25e80bd29f01,trec_covid,beir/trec-covid,en,gaussian,pooled,0,q32_d128,1.2,0.75,,0.04597820048005863,0.09232015293897934,0.04634195245892071,2.316267011423261,0.3218390804597701,False
57ebadb91d4f28c6a541b3a427834a8bbdc91c7f0ee0cc71296f11e3cb1b5abf,trec_covid,beir/trec-covid,en,gaussian,token,0,q32_d128,1.2,0.75,,0.019324987775084967,0.10158973647415742,0.08226474869907245,2.3467014196804197,0.09795102448775612,False
37238a3c8b8c68c0c4936b856ce9441058c8748bfb3736ea80bcdcc98640bdd2,trec_covid,beir/trec-covid,en,identity,pooled,0,q32_d128,1.2,0.75,,0.06749369682756227,0.16654538555673193,0.09905168872916965,2.663693520815988,0.09095452273863068,False
14ea19f8ef2f664085179645ba2d6a3f485877898e1d782ac6532d1e06cffd30,trec_covid,beir/trec-covid,en,identity,token,0,q32_d128,1.2,0.75,,0.016298439847007583,0.1800788160103235,0.16378037616331592,2.503117922450176,0.09095452273863068,False
2a1987f295faddefe0de40c3553f86edf9d6ab992b666906408e590d2e04aae8,trec_covid,beir/trec-covid,en,kmeans,pooled,0,q32_d128,1.2,0.75,,0.08265094441335256,0.07506791891925303,-0.007583025494099532,-2.3323846955771836,1.0,False
cf166cdec65334f5ac2060275f036b1127b85bf91cc084086ef560d552cc2c1e,trec_covid,beir/trec-covid,en,kmeans,token,0,q32_d128,1.2,0.75,,0.24310560732760955,0.3911079185306341,0.14800231120302454,1.8347196899169724,0.09095452273863068,False
e25a35fe5ff1e7038db611f8b7f97e4489936693d27d33ec77e0f6d983a78b2b,trec_covid,beir/trec-covid,en,pca,pooled,0,q32_d128,1.2,0.75,,0.12394282455486633,0.2905852356764158,0.16664241112154948,2.018715426166359,0.09095452273863068,False
a2f53a1f57e9103c14efd2fa67154161eb02cbc8afc2df38c81532793249a174,trec_covid,beir/trec-covid,en,pca,token,0,q32_d128,1.2,0.75,,0.10498327665734025,0.4498078024698172,0.34482452581247697,2.5053618930726107,0.09095452273863068,False
961a3ca2ce646ab9fd50aad8adccd03b5916b2e925a6f9ad75ed5c2d4ded8728,trec_covid,beir/trec-covid,en,pq,pooled,0,q32_d128,1.2,0.75,,0.05838648922156133,0.059105544989170256,0.000719055767608924,2.0,1.0,False
271e6203061ec9744c822410ea3f7024dcb368f92f33d638f6c1abec27502c1c,trec_covid,beir/trec-covid,en,pq,token,0,q32_d128,1.2,0.75,,0.18891155586743869,0.3241483337289117,0.13523677786147303,1.5859842166628355,0.09095452273863068,False
88ab554a6eb574b5b4bd55c8ac19968fdd3446266c381f82cdf321a9c10d8eaf,trec_covid,beir/trec-covid,en,rq,pooled,0,q32_d128,1.2,0.75,,0.1036832569233172,0.12860063237756955,0.02491737545425235,2.0,1.0,False
a6afb8d5a4eb8e0f40e6be40366b4c012f6d1f824f4ce01696b048e89d25de68,trec_covid,beir/trec-covid,en,rq,token,0,q32_d128,1.2,0.75,,0.30751367211623487,0.45995306113614876,0.15243938901991388,1.7063543895141593,0.09095452273863068,False
551b39966a2110a4f662ac5458c046330626735f9044253ac493ec49fcd1c79a,trec_covid,beir/trec-covid,en,sae,pooled,0,q32_d128,1.2,0.75,,0.1448803675161614,0.21560903206803897,0.07072866455187757,3.153018555613188,0.09095452273863068,False
42417aba82e99b27968ac253264a3c2f0c8940ab1700a502e35e7f1c7ed667a0,trec_covid,beir/trec-covid,en,sae,token,0,q32_d128,1.2,0.75,,0.37507351175363646,0.5076066289453666,0.1325331171917301,2.0648387295654027,0.09095452273863068,False
537aab2f2a395047045a98f01f4b57b10f3887785933f8f8b7ee0b69d825d01b,trec_dl_2019,msmarco-passage,en,gaussian,pooled,0,q32_d128,1.2,0.75,,0.008550465687227643,0.14740346424010775,0.1388529985528801,2.3850924731957446,0.09095452273863068,False
fdd2ec05691306a7542f7044174afbea4d2f935b0f0079d765017e364b9affe1,trec_dl_2019,msmarco-passage,en,gaussian,token,0,q32_d128,1.2,0.75,,0.0,0.12251472502284726,0.12251472502284726,2.5724082571199594,0.09095452273863068,False
818bda7a955eef4932f73d189fa8e3f46172893a4d30fb9164f4baef2b5ad8ff,trec_dl_2019,msmarco-passage,en,identity,pooled,0,q32_d128,1.2,0.75,,0.0,0.21306917919681997,0.21306917919681997,2.37169033908488,0.09095452273863068,False
d86b7e2106d371e17ebf29bb0985555e91d5d07cf1b8e246a76306ab8968e277,trec_dl_2019,msmarco-passage,en,identity,token,0,q32_d128,1.2,0.75,,0.0,0.18265885998935166,0.18265885998935166,2.164357829646685,0.09095452273863068,False
df6a113cb14bd3ab7e7bb5e588830a5d41b2e6036ed7925e2b81871be2a84633,trec_dl_2019,msmarco-passage,en,kmeans,pooled,0,q32_d128,1.2,0.75,,0.017275083781753065,0.017038491288570518,-0.00023659249318254763,-0.6479966434165696,1.0,False
1f01d2c4f75ff1f3d2d77983c42777cfa52feba04df54660ea9a91111b1af87d,trec_dl_2019,msmarco-passage,en,kmeans,token,0,q32_d128,1.2,0.75,,0.0041108604853480005,0.24045690396855512,0.23634604348320712,2.0480168767998683,0.09095452273863068,False
fa400661f3f4e41a3c814f5be9a050c217af99732433660642c9a671a9fdae2f,trec_dl_2019,msmarco-passage,en,pca,pooled,0,q32_d128,1.2,0.75,,0.024042433467698365,0.46518254733844344,0.4411401138707451,2.542070349203476,0.09095452273863068,False
f29e36d20fb7358900f444b8fa0f999639db88f72a22aeaf22f5554880efd28e,trec_dl_2019,msmarco-passage,en,pca,token,0,q32_d128,1.2,0.75,,0.0,0.4990792326496733,0.4990792326496733,2.258881144512477,0.09095452273863068,False
052ede2ee0379d2855006cf976e92a44afeef67533fe352d6e4884df7cce8728,trec_dl_2019,msmarco-passage,en,pq,pooled,0,q32_d128,1.2,0.75,,0.006813253158551834,0.010071484510492773,0.0032582313519409394,2.0,1.0,False
f5a11e1885f4b491f450fc73894049475b1ffc50e41fc83fadc0ea189fb1cb11,trec_dl_2019,msmarco-passage,en,pq,token,0,q32_d128,1.2,0.75,,0.002396176425712076,0.19984860532402415,0.19745242889831208,2.121684897341948,0.09095452273863068,False
eb9ece3039f014f9bfdaa6dd0aa100407f5def5666ea5ea14d0b31d31d43a4e3,trec_dl_2019,msmarco-passage,en,rq,pooled,0,q32_d128,1.2,0.75,,0.07370959284527787,0.096766461210608,0.023056868365330135,2.0,0.5802098950524738,False
34eb64994d47724f623c0b8e6888366f75ff83f05f54bc928a3bd0f3708ee358,trec_dl_2019,msmarco-passage,en,rq,token,0,q32_d128,1.2,0.75,,0.06795142113142626,0.46501477155622695,0.3970633504248007,2.4811647454064385,0.09095452273863068,False
b9fde0774dfd70424a57b9a67770a49226f5f1c3bad7bcbab3ca5cf202c11ded,trec_dl_2019,msmarco-passage,en,sae,pooled,0,q32_d128,1.2,0.75,,0.19317268189061912,0.30686123406480903,0.11368855217418991,3.046003386360211,0.09095452273863068,False
56aeb68f407286afa9e66ac1ee01d2eb1a3ffd27f33c2623e875c954e4ce5f79,trec_dl_2019,msmarco-passage,en,sae,token,0,q32_d128,1.2,0.75,,0.10866206969379087,0.6039029058888534,0.49524083619506254,2.3808720175596796,0.09095452273863068,False
0108e24cd62fa7353d6ed5baa25aacf50f02cfe8d575a2f95851896b859bb4f8,trec_dl_2020,msmarco-passage,en,gaussian,pooled,0,q32_d128,1.2,0.75,,0.011884757680547118,0.1649477846285794,0.15306302694803228,2.16372151581935,0.09095452273863068,False
656e2ddf3b24c2175ce2a11b24d56ed7bae8fde734eb6e112c8f25dd24cf0cb2,trec_dl_2020,msmarco-passage,en,gaussian,token,0,q32_d128,1.2,0.75,,0.0,0.12241760477897416,0.12241760477897416,2.569347162238488,0.09095452273863068,False
e815e0ce7ae5f4d308cbc83f0b2372161bf324ab1d7c9c5a6a6baf90a01416a8,trec_dl_2020,msmarco-passage,en,identity,pooled,0,q32_d128,1.2,0.75,,0.008191620800562079,0.2449646703306447,0.23677304953008263,2.647044538113831,0.09095452273863068,False
13c2e161c225605e7384ea437fe1e258ebbeaf41e8ca7fccc5475e0e4d887156,trec_dl_2020,msmarco-passage,en,identity,token,0,q32_d128,1.2,0.75,,0.0,0.22130909372362756,0.22130909372362756,2.457856454481066,0.09095452273863068,False
de6778db7242b5f85e3903d75e4ef5b257b62430c84540886eb7095f3159e39c,trec_dl_2020,msmarco-passage,en,kmeans,pooled,0,q32_d128,1.2,0.75,,0.021085452399956045,0.012009591886311203,-0.009075860513644842,-2.3082431899390903,1.0,False
4fab85b376ceb740778d675e77099ffce640e3d792968287699033b7ecc79fa7,trec_dl_2020,msmarco-passage,en,kmeans,token,0,q32_d128,1.2,0.75,,0.014122713712981717,0.2338223686889821,0.21969965497600039,2.2254973362616104,0.09095452273863068,False
fe666ea974409a3a28d0a11f4ea7abf1a00c760558523ad0345524ee07c597f0,trec_dl_2020,msmarco-passage,en,pca,pooled,0,q32_d128,1.2,0.75,,0.023544382404132987,0.47426300433998836,0.4507186219358554,2.529258863026708,0.09095452273863068,False
1e57ffbf451ae14464f52fdd129abba683b2835f1dca515c391096fa01cfd4fa,trec_dl_2020,msmarco-passage,en,pca,token,0,q32_d128,1.2,0.75,,0.0,0.4997533783503471,0.4997533783503471,2.2829227869306163,0.09095452273863068,False
07146a7e304ef7bef1dca60680e558681634ce4fc9c766979d5d6e02260a010e,trec_dl_2020,msmarco-passage,en,pq,pooled,0,q32_d128,1.2,0.75,,0.004517925626321184,0.0029017588463009585,-0.0016161667800202255,-2.0,1.0,False
20b36dcf637dd09bb3d572e20a26968f81141f59d5abd193cb7383d0bae9c3f4,trec_dl_2020,msmarco-passage,en,pq,token,0,q32_d128,1.2,0.75,,0.011188654690874754,0.17688215483322586,0.1656935001423511,2.3543829793637414,0.09095452273863068,False
ff893f9f7597114751763cb5ee5819c41b2a6a6adf8c24d469840ac1a79ab34b,trec_dl_2020,msmarco-passage,en,rq,pooled,0,q32_d128,1.2,0.75,,0.09662295241490718,0.1231478406031579,0.026524888188250717,2.0,0.3958020989505247,False
912e9aa1e9dca8058fb2cc6f10795c688562652a39f21febc8b412a27589dec3,trec_dl_2020,msmarco-passage,en,rq,token,0,q32_d128,1.2,0.75,,0.045822512790747456,0.42113577471282176,0.3753132619220743,2.4176688856169735,0.09095452273863068,False
7f89d70559744832d0fbd02ec8c9217caed81d00cadbc15a83eeb871de370566,trec_dl_2020,msmarco-passage,en,sae,pooled,0,q32_d128,1.2,0.75,,0.17188404702234478,0.2596815316638225,0.08779748464147774,2.606379106390794,0.09095452273863068,False
cffa8b8c820f71cd5946660be3d5d91517e81c53a9df3474b809918a020e80fd,trec_dl_2020,msmarco-passage,en,sae,token,0,q32_d128,1.2,0.75,,0.0757720912421747,0.5562652143644531,0.4804931231222784,2.43180344060086,0.09095452273863068,False
