model,axis,weighted,n,r2,mae,rmse,sign_accuracy,auc,majority_sign_accuracy
primary,family,False,118,-0.11390540993412746,0.7124920027106407,1.1998866813014275,0.923728813559322,0.5056065239551478,0.923728813559322
primary,corpus_id,False,118,0.1426037635745384,0.6919926962956583,1.052705428612364,0.923728813559322,0.7155963302752295,0.923728813559322
primary,indic,False,36,-0.9332146844390647,0.3457380509770551,0.4716080475779231,1.0,,1.0
primary,family,True,118,-0.22313722071121456,0.6508265992783886,1.2573427073293086,0.923728813559322,0.327217125382263,0.923728813559322
primary,corpus_id,True,118,-0.21006984921279348,0.6512525668004385,1.250608269511881,0.923728813559322,0.30479102956167176,0.923728813559322
primary,indic,True,36,-0.5717791874708684,0.32626798429226017,0.4252427632813481,1.0,,1.0
six_features,family,False,118,-0.5441035878720484,1.0980739718276091,1.4127141402347618,0.923728813559322,0.4250764525993884,0.923728813559322
six_features,corpus_id,False,118,0.3010790027870892,0.6434623806477492,0.9504518493416126,0.9491525423728814,0.7003058103975536,0.923728813559322
six_features,indic,False,36,-2.4818693023381964,0.4691788281476398,0.6329179274099168,0.9722222222222222,,1.0
six_features,family,True,118,-0.2641919177494194,0.6593877005999563,1.2782699539389295,0.923728813559322,0.3007135575942916,0.923728813559322
six_features,corpus_id,True,118,0.01859975067587727,0.6262261547598489,1.1262612915051962,0.923728813559322,0.7370030581039755,0.923728813559322
six_features,indic,True,36,-1.0853369881813668,0.40637005533916853,0.4898118501595332,1.0,,1.0
repeated_measurements_sensitivity,family,False,469,-0.32210366039768723,0.8768051191273012,1.349851283348055,0.9209401709401709,0.4213645199724086,0.9209401709401709
repeated_measurements_sensitivity,corpus_id,False,469,0.1144012995098802,0.7347555189650491,1.104769447428157,0.9209401709401709,0.7207311720072741,0.9209401709401709
repeated_measurements_sensitivity,indic,False,156,-0.0612745295566306,0.4404329585776895,0.6443739362471335,0.9807692307692307,0.954248366013072,0.9807692307692307
