collection,basis,granularity,cluster_ndcg_off,workstation_ndcg_off,cluster_ndcg_on,workstation_ndcg_on,cluster_margin,workstation_margin
arguana,gaussian,pooled,0.0,0.0,0.07352237408460884,0.07226488866590271,2.4071945691045946,2.3933539508618815
arguana,gaussian,token,0.002720760864508031,0.0026424779681716868,0.05697019423523464,0.05586953257736971,2.9105778466654515,2.8870225140169032
arguana,identity,pooled,0.0,0.0,0.09310889273358286,0.0925138183621866,2.4527583552195655,2.4428664671865774
arguana,identity,token,0.0017979226536285727,0.0018197189695080315,0.07908174078176337,0.07985636165266054,2.636152728933107,2.658124996628512
arguana,kmeans,pooled,0.0330019064032094,0.032621358903402675,0.0348947640806876,0.034886254002916554,1.8615953433032832,2.171920232905359
arguana,kmeans,token,0.0022014173829845297,0.0024070111428123307,0.07531470839992715,0.07427742888458418,3.070907225597618,3.078989830519814
arguana,pca,pooled,0.07097545149453686,0.07115902182076696,0.27024279848393323,0.2674722518645621,2.3796339599901026,2.353162696807809
arguana,pca,token,0.0034890182779285903,0.0034890182779285903,0.23789109132313135,0.23605663146855563,2.530361992863925,2.52794078167518
arguana,pq,pooled,0.01760417781943331,0.017536095676905256,0.014357656379359084,0.014805281131262279,-2.0,-2.0
arguana,pq,token,0.003513400874265683,0.003301100511383356,0.07760396500295223,0.07562716963947054,3.1617826802020237,3.166120306801315
arguana,rq,pooled,0.04924137993549529,0.047851340410346485,0.0539511169773487,0.05355116182061773,2.0,2.0
arguana,rq,token,0.0008043597109327578,0.0008043597109327578,0.2594497641436629,0.2604775646276618,2.916647290499346,2.934425360398973
arguana,sae,pooled,0.11088883708258508,0.11065419100033137,0.12580203777623014,0.12809715531777963,2.3714758597593937,2.4631039859535613
arguana,sae,token,0.0011599784876041661,0.0011599784876041661,0.37123702101911127,0.3730187385466374,2.5992199605162014,2.593135139442933
fiqa,gaussian,pooled,0.0017552393718797805,0.0017665609922432378,0.039059200024458174,0.03925318698828665,2.645140687318237,2.6239859784915236
fiqa,gaussian,token,0.0,0.0,0.035524568386168735,0.03612758954321653,2.611388758027758,2.642428359946289
fiqa,identity,pooled,0.002390991407373515,0.002390991407373515,0.05551451957747366,0.05355970825902033,2.398291916585743,2.4093679733095534
fiqa,identity,token,0.0,0.0,0.05215835426531253,0.05063553801696482,2.6174399244027136,2.618975263394934
fiqa,kmeans,pooled,0.013603087982533436,0.013612016646725539,0.010798416065927975,0.010628531192846971,-2.0030403142479853,-2.0625832993831605
fiqa,kmeans,token,0.013046677033493524,0.012541816320347189,0.14023633362879415,0.1391551436420356,2.3728223607814565,2.37186523206154
fiqa,pca,pooled,0.002223573628878224,0.002176082184645344,0.06787552488684344,0.06722370146621695,2.646097727522715,2.6460343657371372
fiqa,pca,token,0.00896502257054914,0.008964487038255932,0.17733925026737865,0.1768649075173824,2.4075053878182207,2.3898189398446394
fiqa,pq,pooled,0.00397429338564063,0.00397429338564063,0.005236548316481833,0.005236548316481833,2.0,2.0
fiqa,pq,token,0.013730400020886931,0.014211296498423913,0.0695354037009912,0.07016567772402663,2.1677528220788287,2.168995627101048
fiqa,rq,pooled,0.009705975442008373,0.00996181254529893,0.016731592535024813,0.01647912626459544,2.0,2.0
fiqa,rq,token,0.03168745159815163,0.031188207370728943,0.20015496802264085,0.2011825155054407,2.3785023421513323,2.390936637624075
fiqa,sae,pooled,0.028141741466850126,0.027836551931605672,0.047980870209709654,0.04821758137064499,2.760986962083841,2.7464242412903768
fiqa,sae,token,0.051870881010241204,0.05199310033702441,0.26560288991060527,0.264929464427949,2.6034435613632003,2.5935242208697393
limit,gaussian,pooled,0.0006000291211906981,0.0006000291211906981,0.0003978088012057569,0.0003978088012057569,-0.5409333556744864,-0.5409333556744864
limit,gaussian,token,0.00041443699955334397,0.00041443699955334397,0.00036181498356361593,0.00036181498356361593,-0.1456792108375754,-0.16883653225427708
limit,identity,pooled,0.0,0.0,0.0008315546295836226,0.0008315546295836226,1.4215243945140892,1.4238207580529716
limit,identity,token,0.0,0.0,0.0007293634307893794,0.0007293634307893794,1.3892759953082647,1.3892759953082647
limit,kmeans,pooled,0.0,0.0,0.0,0.0,,
limit,kmeans,token,0.004725450810002094,0.004725450810002094,0.03215639280171988,0.03262352481980623,2.72570220394208,2.7398119761161728
limit,pca,pooled,0.0014634920983002129,0.0014634920983002129,0.0017621787459701894,0.0017621787459701894,2.433491557238443,1.7959910529960563
limit,pca,token,0.00039564672360221194,0.00039564672360221194,0.0003065735963827292,0.0003065735963827292,-0.09890869803242267,-0.09899951056407452
limit,pq,pooled,0.0,0.0,0.0,0.0,,
limit,pq,token,0.00038162168437253386,0.00038162168437253386,0.0,0.0,-1.1762265174506155,-1.1762265174506155
limit,rq,pooled,0.0,0.0,0.0,0.0,,
limit,rq,token,0.0006131471927654584,0.0006131471927654584,0.008223542611698394,0.008214691904860691,2.5981507205679466,2.5992740495736437
limit,sae,pooled,0.0006131471927654584,0.0006131471927654584,0.0003065735963827292,0.0003065735963827292,-2.0,-2.0
limit,sae,token,0.0010458239295527022,0.001054674636390405,0.0080477766982812,0.008208387786717659,2.7841579924476965,2.7604216557270247
miracl_bn,gaussian,pooled,0.0018569486902714157,0.0014394202300035085,0.16475459226972325,0.16935205633277128,2.2264115065073136,2.236954974825398
miracl_bn,gaussian,token,0.004090895470612524,0.004082086008028461,0.15268076270458047,0.15824499938533768,2.061746542680182,2.1192067424869396
miracl_bn,identity,pooled,0.0004312391405937901,0.0004312391405937901,0.24998804745184186,0.24995198719053344,2.4632982757362156,2.4568172602610208
miracl_bn,identity,token,0.0008666841535474992,0.0008666841535474992,0.2549619739162814,0.2536025299812783,2.3169589543977147,2.3223643246931975
miracl_bn,kmeans,pooled,0.006046066904870194,0.006046066904870194,0.006991122194869944,0.006977460395776559,1.7677817145255215,1.7552796911241895
miracl_bn,kmeans,token,0.03073778179767129,0.03268263105472619,0.18407469129441587,0.18588096152096312,1.9245055963995281,1.9332612991989582
miracl_bn,pca,pooled,0.011326933202599641,0.011326933202599641,0.3162206312366212,0.31856782734269445,2.9447607584768973,2.951580148234434
miracl_bn,pca,token,0.043196157741269565,0.042942144613932684,0.455342250612559,0.4575969795508784,2.3437437042905245,2.350465499548381
miracl_bn,pq,pooled,0.005871653158487831,0.005871653158487831,0.005684682762379252,0.005671020963285868,-2.0,-2.0
miracl_bn,pq,token,0.03192662253504204,0.031042506545565125,0.19342374058912343,0.19265966683139266,2.0487547436029403,2.046496660640428
miracl_bn,rq,pooled,0.020832448716245743,0.01839935869191485,0.036701854394419954,0.035840913383792423,2.0,2.0
miracl_bn,rq,token,0.06734942249142495,0.06647217547969536,0.38029316303062255,0.38136762706214616,2.1334317080827803,2.1392831788569824
miracl_bn,sae,pooled,0.0820420908102306,0.08291048810981948,0.13969108309463837,0.14149854414408006,2.0906319550733965,2.1215090829750527
miracl_bn,sae,token,0.046899924118877764,0.047372916026688604,0.4896916893454297,0.48772691209340047,2.459330286102365,2.458986139461276
miracl_hi,gaussian,pooled,0.006839266767903588,0.006829572897720748,0.0679582032631462,0.06848173281309448,2.2659939956618156,2.2298777399616165
miracl_hi,gaussian,token,0.0,0.0,0.06203147717755924,0.06085515715425304,2.357101861788492,2.369400890474094
miracl_hi,identity,pooled,0.002857142857142857,0.002857142857142857,0.10100195089607106,0.10353558174596961,2.2528586209265837,2.2950688942641495
miracl_hi,identity,token,0.0,0.0,0.10160390881172489,0.10330641718342548,2.3242119166032364,2.3320436637058184
miracl_hi,kmeans,pooled,0.006265470835364295,0.006265470835364295,0.008384003196782279,0.008384003196782279,2.4708444561357776,2.4708444561357776
miracl_hi,kmeans,token,0.01617125266229063,0.01567191690302624,0.12842739924979119,0.13088850677182115,2.218739665919874,2.2195713691682517
miracl_hi,pca,pooled,0.013330493487067585,0.012919656878804791,0.20369243845767118,0.2012219520558025,3.0703960877203236,3.0733614507557685
miracl_hi,pca,token,0.007782889198812156,0.008363749345564348,0.26304518614931743,0.26170568396218835,2.3424621606944998,2.3207735181054794
miracl_hi,pq,pooled,0.003865777588476403,0.003865777588476403,0.007081199892663828,0.007081199892663828,2.0,2.0
miracl_hi,pq,token,0.008962152566763493,0.008993335697866483,0.08653999418989441,0.08647985486287309,2.6924732836430327,2.7053952875933596
miracl_hi,rq,pooled,0.020511537738277828,0.020261618555130947,0.035746472744184715,0.035636400064615596,2.0,2.0
miracl_hi,rq,token,0.010256436559950418,0.010276144801892305,0.24400409274296106,0.24164829638208757,2.494266112595145,2.5038452031140923
miracl_hi,sae,pooled,0.03939723696077232,0.03872208447453682,0.09144072459258495,0.09087014449044604,2.719938731886961,2.755698697113195
miracl_hi,sae,token,0.01760083908183601,0.01760266650186873,0.3282614897210646,0.3293830537057355,2.6071102993280846,2.6209263123741042
miracl_te,gaussian,pooled,0.005456259131408212,0.005456259131408212,0.22858928951724156,0.227218651726006,2.4018052741734377,2.3883032241436255
miracl_te,gaussian,token,0.0012821332266242157,0.0012821332266242157,0.23942971485454903,0.23882073459514125,2.2455533872712103,2.2460356074775256
miracl_te,identity,pooled,0.00627117882272501,0.006701380739522138,0.34958975175145207,0.35016174419623824,2.5384184736276842,2.5431097526307513
miracl_te,identity,token,0.00046721353530741744,0.00046721353530741744,0.3817411075735309,0.38281717863780934,2.223714741300701,2.2308151706466535
miracl_te,kmeans,pooled,0.0031989279159148035,0.0033570556376194614,0.00370272277081619,0.00370272277081619,1.5281801558078292,1.291926345268794
miracl_te,kmeans,token,0.020863053659550955,0.021087296303353115,0.15897035109041302,0.15999055819359978,1.8902974013792122,1.9053988558820416
miracl_te,pca,pooled,0.01781529098592343,0.01781529098592343,0.31975739565209815,0.3158801308567032,2.9854422431574044,2.9601807089057495
miracl_te,pca,token,0.018375112688089494,0.017892371196402676,0.5471454265855695,0.5463950826559797,2.3713789829615086,2.3726447517779383
miracl_te,pq,pooled,0.0015887256966011219,0.0015887256966011219,0.0040378552267965,0.0040378552267965,2.0,2.0
miracl_te,pq,token,0.015321197274567105,0.01563501723732688,0.22736698312240322,0.22615124220779845,1.9440865048008746,1.924255971480379
miracl_te,rq,pooled,0.01887282330768634,0.019406439236800705,0.028320537384477013,0.029464610476664953,2.0,2.0
miracl_te,rq,token,0.04115557511195887,0.04139062235855133,0.43510038009687935,0.4339284834067949,2.115642113606015,2.1257817333502507
miracl_te,sae,pooled,0.06495157779495334,0.06414968706176981,0.12466221355382402,0.12681117878264553,2.505286211388641,2.5539273516328334
miracl_te,sae,token,0.05203383563125564,0.0518427660014808,0.5792963889062228,0.5822684044648819,2.4104689169593136,2.4201781235429904
nfcorpus,gaussian,pooled,0.018162967281590687,0.018315101511553446,0.08027946441366555,0.07869156193593255,2.62246907806007,2.633138198817878
nfcorpus,gaussian,token,0.032591040043047206,0.03231469062063038,0.07799107281259075,0.07561303838016124,2.8681257088317085,2.78974809280902
nfcorpus,identity,pooled,0.017388053467144636,0.01785251562957226,0.09108383459464833,0.09273660913072371,2.273719922700464,2.324389000219505
nfcorpus,identity,token,0.03179684687197231,0.032397087947718894,0.08406935524095756,0.08449959021332804,2.0948644020806504,2.0665368584556973
nfcorpus,kmeans,pooled,0.020628665795826662,0.020628665795826662,0.020364759636918403,0.020364759636918403,-1.8620439425407436,-1.8620439425407436
nfcorpus,kmeans,token,0.12004717607960792,0.12202681574799297,0.21999209471022602,0.21902500089423171,2.277022344352809,2.2961714301404905
nfcorpus,pca,pooled,0.03682046912813906,0.03679225707694607,0.037334510373508864,0.03782625416395507,0.008790570790664847,0.017584384238888907
nfcorpus,pca,token,0.0668890474181344,0.06625780670749515,0.18311133637394048,0.1832635455588785,2.7631425210937484,2.7593508563409337
nfcorpus,pq,pooled,0.019825765095006734,0.018956989434815913,0.02248465088892366,0.022102010331199514,2.0,2.0
nfcorpus,pq,token,0.0695638176483905,0.0704049826941627,0.11902101846881373,0.11890543977673772,2.3671403875025203,2.3432218361902355
nfcorpus,rq,pooled,0.050778450650359935,0.05168049361965782,0.07123249446602041,0.07415463772914017,2.0,2.0
nfcorpus,rq,token,0.15183593317156133,0.15237029679114963,0.2418523715842616,0.24246406881997012,2.3375612471864207,2.383196652281766
nfcorpus,sae,pooled,0.0729377899584686,0.07253921943613216,0.07285375238939477,0.0727761931307334,-0.021385014189440336,0.054558446952354775
nfcorpus,sae,token,0.18666720354737737,0.18665496740688814,0.2849135662487333,0.2855487654394311,2.803220780193874,2.798783620619712
scidocs,gaussian,pooled,0.007890578478710704,0.00796295692346895,0.026503103688640034,0.026777166683452466,1.751184058906843,1.79091391353814
scidocs,gaussian,token,0.0003980847300545424,0.0003980847300545424,0.02170458540525845,0.02190942150357251,2.354307358667603,2.384601990537362
scidocs,identity,pooled,0.005412216396585904,0.005376552691562557,0.04127204373000332,0.04117148740403006,2.3278114447282356,2.326791176122557
scidocs,identity,token,0.0004897883503646065,0.0004897883503646065,0.03719987652448701,0.03748165748685402,2.417751809332348,2.4500158513073163
scidocs,kmeans,pooled,0.008260745083890438,0.008260745083890438,0.00782776267580013,0.00782776267580013,-2.268246513568679,-2.4732157075020904
scidocs,kmeans,token,0.0110184773398568,0.01125933808411533,0.08144939260373875,0.08084713525209022,2.609420181788496,2.594700975054244
scidocs,pca,pooled,0.010675043618599118,0.01068599962523408,0.016491163916777633,0.01650155769159048,0.577402747452899,0.5751537103929903
scidocs,pca,token,0.003337906721263765,0.003538043402218034,0.08841574867426578,0.08763544133271797,2.488165224330414,2.48626105359556
scidocs,pq,pooled,0.003189560649097243,0.0030162807548103675,0.003593927449161561,0.0033689851777920733,2.0,2.0
scidocs,pq,token,0.006400772745699953,0.006241425163122209,0.04863940027764414,0.048707282934478825,2.4187385939734476,2.428422839140368
scidocs,rq,pooled,0.014681465072401029,0.013886111618152374,0.01791969138964958,0.01733139182709524,2.0000000000000004,2.0
scidocs,rq,token,0.020438206662411113,0.021271340279071793,0.08507027132952731,0.08403725744345542,2.5065541638970075,2.4793509377659277
scidocs,sae,pooled,0.011970122480631631,0.011898366813560879,0.015233793726287649,0.015535318642362768,0.9912649972637273,1.113335710987408
scidocs,sae,token,0.025281777428665865,0.025274892099027325,0.12038775168787706,0.12083620372376938,2.766956349225234,2.7695422392152524
scifact,gaussian,pooled,0.03494893330096498,0.0351246248998596,0.10548159813560813,0.10448753414244706,1.524891472373225,1.4836509847298849
scifact,gaussian,token,0.016592867671621426,0.015839083568455436,0.08850287912217372,0.0880065987693048,1.9858320679188604,2.024997216144936
scifact,identity,pooled,0.018862705309804356,0.01789915588874473,0.1930039349025459,0.19663962912907387,2.8099242835547,2.8594594952638452
scifact,identity,token,0.03390319183855001,0.03260545010851603,0.17178314751436427,0.1755256043569114,2.5881242676953202,2.614437022807506
scifact,kmeans,pooled,0.027166288214995664,0.027397366354751027,0.025707943715148375,0.025939021854903734,-1.710942430314267,-1.7109424303142722
scifact,kmeans,token,0.10555663006896675,0.10177256744427589,0.39039160403339407,0.38832469336181413,2.1806995033361067,2.2063219029108345
scifact,pca,pooled,0.15410000792243897,0.15319544876536595,0.176801673674576,0.17632085291793978,0.2099102445015568,0.21136196858472525
scifact,pca,token,0.11298869897817927,0.11136876827534181,0.37902567673972126,0.3736137858620495,2.639330408024682,2.6103267709909113
scifact,pq,pooled,0.018271977799869107,0.018271977799869107,0.01744416903654287,0.01744416903654287,-2.0,-2.0
scifact,pq,token,0.10072063908411585,0.09974126549587624,0.26288351670202303,0.26679831110463276,2.175276377425061,2.2380145183876454
scifact,rq,pooled,0.05425129550560507,0.05425129550560507,0.07779356014691557,0.07413546307864337,2.0,2.0
scifact,rq,token,0.2381652968720663,0.23934889984839644,0.32997037188456474,0.32846969504361906,1.406814140266773,1.389104950642388
scifact,sae,pooled,0.10241254429728422,0.10065082545666403,0.11840333738491969,0.11421003497649689,2.298740572172355,2.066246748570657
scifact,sae,token,0.22247855397818128,0.2218701484177592,0.4192782038494227,0.42569677504988573,2.712084133306335,2.746566743529073
trec_covid,gaussian,pooled,0.04597820048005863,0.04539233606686226,0.09232015293897934,0.09017973241098161,2.316267011423261,2.1584705104772484
trec_covid,gaussian,token,0.019324987775084967,0.02065007224417275,0.10158973647415742,0.09805989483503104,2.3467014196804197,2.2190360257748156
trec_covid,identity,pooled,0.06749369682756227,0.067594068417867,0.16654538555673193,0.16619639950309611,2.663693520815988,2.6516363672035923
trec_covid,identity,token,0.016298439847007583,0.016298439847007583,0.1800788160103235,0.1862894999684794,2.503117922450176,2.5495695791841846
trec_covid,kmeans,pooled,0.08265094441335256,0.084054682885692,0.07506791891925303,0.07506791891925303,-2.3323846955771836,-2.274945590963345
trec_covid,kmeans,token,0.24310560732760955,0.24079102140312336,0.3911079185306341,0.3905248386575021,1.8347196899169724,1.7782137515731864
trec_covid,pca,pooled,0.12394282455486633,0.12365419384000262,0.2905852356764158,0.2907397255331607,2.018715426166359,2.0292387557240352
trec_covid,pca,token,0.10498327665734025,0.10098987646185818,0.4498078024698172,0.4421107244976077,2.5053618930726107,2.470186368181606
trec_covid,pq,pooled,0.05838648922156133,0.05838648922156133,0.059105544989170256,0.059105544989170256,2.0,2.0
trec_covid,pq,token,0.18891155586743869,0.18942403230761762,0.3241483337289117,0.3284668716922927,1.5859842166628355,1.6282147016406645
trec_covid,rq,pooled,0.1036832569233172,0.1024396013737895,0.12860063237756955,0.1276350611519683,2.0,2.0000000000000004
trec_covid,rq,token,0.30751367211623487,0.31568204636304154,0.45995306113614876,0.45840564413195506,1.7063543895141593,1.5986959081137697
trec_covid,sae,pooled,0.1448803675161614,0.14433579024549273,0.21560903206803897,0.21267748920393995,3.153018555613188,3.160461303440157
trec_covid,sae,token,0.37507351175363646,0.37750841825529685,0.5076066289453666,0.5138692822387759,2.0648387295654027,2.1505694107477304
