row_id,collection,basis,granularity,seed,budget,k1,b,control,gain,shapley_idf,shapley_saturation,shapley_length
a45af07688c41edbbfa4f1e2e7cac0acd85622c8dad58e507e62ddac82310d9c,arguana,gaussian,pooled,0,q32_d128,1.2,0.75,,0.07352237408460884,0.012840395260261591,0.013605226681270012,0.04707675214307722
a4a3acadf1fa5bdc3d7a278d655f6828a2b3bf07efd93cd3aff357c35230c006,arguana,gaussian,token,0,q32_d128,1.2,0.75,,0.05424943337072661,0.006630031233043497,0.025372493860201527,0.02224690827748158
fc6b000bcc5aca914d6aaf2c16ae82715b8fb6c4703a93300f5a162ec8778d8c,arguana,identity,pooled,0,q32_d128,1.2,0.75,,0.09310889273358286,0.02605178521153546,0.02673738505709511,0.040319722464952294
c80d9396069ac636b52c42557bb358864296453ab3d93d23f7ba4ded1229f299,arguana,identity,token,0,q32_d128,1.2,0.75,,0.0772838181281348,0.015460640320477325,0.03667619017151717,0.025146987636140303
6ea5f9a8ff6522220c8242ad05237fe9779f05b069a50cb9a7709ce8c8a2adba,arguana,kmeans,pooled,0,q32_d128,1.2,0.75,,0.0018928576774781963,0.002026463721190898,-0.00013360604371270152,0.0
f9e7ad66654f3f28c3c9063c880116d6a23747d48dfd6dd8e735f9828fba8780,arguana,kmeans,token,0,q32_d128,1.2,0.75,,0.07311329101694262,0.03425588479012328,0.02668476381150762,0.012172642415311723
f7ac767abbe7601706d784f4c2eb6e83f0b0f05b4b19542f18fb3b3d0e60ba6b,arguana,pca,pooled,0,q32_d128,1.2,0.75,,0.19926734698939635,0.04657147144808019,0.1271031973313533,0.025592678209962867
71aced922a2b43c2119b8a694cf754181ac2464963c8605b5bbbf3f0ed49e06d,arguana,pca,token,0,q32_d128,1.2,0.75,,0.23440207304520277,0.05226002367597046,0.1409137153639456,0.04122833400528672
d6bd1815af1db0d4efc3eac2db11febce3dc38ab42482a4cec6f17b0d2f7c9f5,arguana,pq,pooled,0,q32_d128,1.2,0.75,,-0.0032465214400742275,-0.0032465214400742275,0.0,0.0
8328cddcb04097f4394529f88eb536b40c5c85e737025d7aebf4bbf3dac0f4bf,arguana,pq,token,0,q32_d128,1.2,0.75,,0.07409056412868655,0.02494243303075804,0.03308642158133817,0.016061709516590333
eac6d7b5dcaf393b092db4f696bb41e8a635eadcd6448a42428a4cbde5d48fc7,arguana,rq,pooled,0,q32_d128,1.2,0.75,,0.004709737041853415,0.004709737041853415,0.0,0.0
c6794bc13ade561cab46037b56e3f0a47a28d7648c7fb24ce672a527c8a72f95,arguana,rq,token,0,q32_d128,1.2,0.75,,0.25864540443273015,0.10285536027402123,0.11943633023312004,0.03635371392558885
19cdb2f7d94ab76a567d4427738203e4ab747794ee15b4b1ad5876e5385cdae2,arguana,sae,pooled,0,q32_d128,1.2,0.75,,0.01491320069364506,3.5974587386577994e-05,0.004573471168304768,0.010303754937953711
2b1bfccd710750d1dbdec7e6bce97db69180c58dac38f0198e18810369e890c8,arguana,sae,token,0,q32_d128,1.2,0.75,,0.3700770425315071,0.09922719770941987,0.2374430382137938,0.033406806608293406
5e7eae353a6cc6fc0862089936fc25349bb06b0c080dcc0f0f0d53c6c0a1f24d,fiqa,gaussian,pooled,0,q32_d128,1.2,0.75,,0.03730396065257839,0.005226456394854283,0.008042827435449679,0.024034676822274427
f7798e7a663c30bef1e0add8f225977c79c6ecc6c848c46021054de2da4788d4,fiqa,gaussian,token,0,q32_d128,1.2,0.75,,0.035524568386168735,0.003941326868318364,0.013492717067386898,0.018090524450463472
c279501bbd53280f10f6534ba0fba9e042dc0e97a1b530b8ef93e10d30299f35,fiqa,identity,pooled,0,q32_d128,1.2,0.75,,0.053123528170100145,0.014719118828841365,0.016418592164788602,0.021985817176470177
a9fcc14f9b34b8bf060a44da5532ffbdca5021eaac4ef7d2b34eb3e53cca69aa,fiqa,identity,token,0,q32_d128,1.2,0.75,,0.05215835426531253,0.011663881214264869,0.022848535570488465,0.017645937480559197
37d759de9ff6492f71261b7cbfec9ec53551059e3b0546d4bb2b908ec8af55ca,fiqa,kmeans,pooled,0,q32_d128,1.2,0.75,,-0.0028046719166054616,-0.0028000958194802595,-4.5760971252020374e-06,0.0
eee2d4c69c52032a3344d396fe48609a377401b738e1942eb25418cae772614b,fiqa,kmeans,token,0,q32_d128,1.2,0.75,,0.12718965659530063,0.016991063587270594,0.1040258485026919,0.006172744505338126
080a9dc7476315a6d4ed69bfa4687eff3972a7ae93e8ff906aa83373f9dbd075,fiqa,pca,pooled,0,q32_d128,1.2,0.75,,0.06565195125796522,0.007392326537176864,0.04734884396712896,0.010910780753659387
dfbdd2845d18f39e012fdfdd770db43f510d615d324b238a07227d1dc0cc4f61,fiqa,pca,token,0,q32_d128,1.2,0.75,,0.1683742276968295,0.03490958280837756,0.09707251428850767,0.03639213059994426
9de63373b0c81419cc6addf7799631dae526c16a7a37ba054de3b77dadc71f2a,fiqa,pq,pooled,0,q32_d128,1.2,0.75,,0.0012622549308412027,0.0012622549308412027,0.0,0.0
b5a3fe04e8bb3f4a20ea1bb498ec7905bdae397da4fa47b4b9bb8b11c1dda525,fiqa,pq,token,0,q32_d128,1.2,0.75,,0.05580500368010427,0.0024311384186345196,0.050267838695576175,0.0031060265658935794
5a14f509aefc47cf78831e53ef5183439f259b9689bff3bffbdbdf2a8a58885e,fiqa,rq,pooled,0,q32_d128,1.2,0.75,,0.00702561709301644,0.00702561709301644,0.0,0.0
f99b9f62d22295a08433f563a96867e5e8baaf8e931465ab06dd6c4da7dfab94,fiqa,rq,token,0,q32_d128,1.2,0.75,,0.1684675164244892,0.010268633224790756,0.13729256651003657,0.02090631668966187
032c5124f5ca757278d9e15f18f0b97608a843fe086fc62445c570a1ac43de14,fiqa,sae,pooled,0,q32_d128,1.2,0.75,,0.01983912874285953,0.001016617794476799,0.006379717108438017,0.012442793839944712
3c04488a5ac65ad80485eb3b9504e2352f81a962cb0a6ba03166804f2b08b353,fiqa,sae,token,0,q32_d128,1.2,0.75,,0.21373200890036406,0.020580208511143065,0.14427204812931288,0.048879752259908094
48cfdbb084e0c6c62e8ce924e1e98960e950df17360436373e90be0a928db2c6,limit,gaussian,pooled,0,q32_d128,1.2,0.75,,-0.00020222031998494118,-0.0003099444392046593,-0.00022897758208046922,0.0003367017013001873
c87c3a61f484cab730d7db12106980bb4da6e4b3bcdf8e6afc210ad9da1e34f8,limit,gaussian,token,0,q32_d128,1.2,0.75,,-5.262201598972804e-05,-0.00011896308440474603,-0.00033594858408530505,0.0004022896525003231
8b2063da939b28cbe33d019a15d639fa103249b02fec378c08aafcc1b0c2f53d,limit,identity,pooled,0,q32_d128,1.2,0.75,,0.0008315546295836226,0.0010956265763959626,-0.00011629330321275039,-0.00014777864359958963
9271875af9bb7efd473dd519fb6016e144e9b5787635e5ce31ec8aaf44bc66db,limit,identity,token,0,q32_d128,1.2,0.75,,0.0007293634307893794,0.0009208119293330041,-0.0002491395684775884,5.7691069933963704e-05
f1761c58dd79a6d3200cea1e3cc966d716116858a250800161e2b54d0adb9e07,limit,kmeans,pooled,0,q32_d128,1.2,0.75,,0.0,0.0,0.0,0.0
334bf72f5dc96c10c08ff25480426ec3ce2264b27a67f13612378a5f026e1de9,limit,kmeans,token,0,q32_d128,1.2,0.75,,0.027430941991717785,0.017110302493906153,0.009843264875794653,0.0004773746220169753
3dc476a20c0e5382988512d0951d4e091c4340ecc807b5c39900cfe4c0c4d288,limit,pca,pooled,0,q32_d128,1.2,0.75,,0.0002986866476699765,0.00018261339361530017,0.00012189672820478621,-5.823474150109869e-06
20dd61883785a4292a1dfd03c721aa8cf097f72221967955a91da6bfbc5bf734,limit,pca,token,0,q32_d128,1.2,0.75,,-8.907312721948273e-05,4.7082237570931834e-05,-0.00021299197832031863,7.683661352990415e-05
1973f2942a453eefa26a37640b716e15edd1778bceff794495095069b3f0acc6,limit,pq,pooled,0,q32_d128,1.2,0.75,,0.0,0.0,0.0,0.0
b0fd67213634d551c9381de441d4a58fbfe17d0ecd54e2b10d8a9c0fccdb8fa7,limit,pq,token,0,q32_d128,1.2,0.75,,-0.00038162168437253386,3.2378387370773364e-05,-0.0005316274545226077,0.00011762738277930047
f8ed4c29b62aa25e47f76d3fdfab90a677ce0e2cca59b7daf2c9c7d720c02ae9,limit,rq,pooled,0,q32_d128,1.2,0.75,,0.0,0.0,0.0,0.0
c4a3b93dde807f9065ec329e64cf1a383a52e56583b671ccd5168ed646fc1820,limit,rq,token,0,q32_d128,1.2,0.75,,0.007610395418932935,0.0023590220317592186,0.004972397871318484,0.00027897551585523244
45810560c4479e127f5d5b9df0a8686ed382764ea6dd7210ad24d1c39971a80f,limit,sae,pooled,0,q32_d128,1.2,0.75,,-0.0003065735963827292,-0.0003065735963827292,0.0,0.0
58678dcc17ddbb446072d9ac5e774025b0d1fbd971addacf8e7df115154f68cb,limit,sae,token,0,q32_d128,1.2,0.75,,0.007001952768728498,0.002529778150352371,0.004315771967994512,0.00015640265038161349
c86adfdd9451e112f69b50e011d3b767932e2661d2e67942fd95cf54d03c73e2,miracl_bn,gaussian,pooled,0,q32_d128,1.2,0.75,,0.16289764357945183,0.0025701458030413966,0.038238589394965834,0.1220889083814446
9991eb71398318ccd45e0c4f7c8aa9ae95f0167784dd41797721038d3ae16050,miracl_bn,gaussian,token,0,q32_d128,1.2,0.75,,0.14858986723396794,-0.00867599686386223,0.0486634988722576,0.10860236522557257
1f2251aea3535f4a373fbf7c64622396f356a2fe324fa00fdd393af23d10be0c,miracl_bn,identity,pooled,0,q32_d128,1.2,0.75,,0.24955680831124807,0.04844963629610183,0.07773572983282195,0.12337144218232426
e34a290a39cfebb9af27a6783048d4ff0a478a89aedeacaf91da04a25d7066af,miracl_bn,identity,token,0,q32_d128,1.2,0.75,,0.2540952897627339,0.03793660773537713,0.10440935280328002,0.11174932922407672
4c80c3499605cc1ac6121c844fef67bdce7131b05bc4e3a5f37daa9a9ed68200,miracl_bn,kmeans,pooled,0,q32_d128,1.2,0.75,,0.0009450552899997501,0.0010218604965330082,-7.680520653325806e-05,0.0
651c815a4c7759721712d37bdbb4e8cd5d4f4e727311a7379e8fca726f38fc0c,miracl_bn,kmeans,token,0,q32_d128,1.2,0.75,,0.15333690949674458,0.01321818036428088,0.15440757859331086,-0.014288849460847186
29d8dea56c38c30ab655550fb9a46e8ab6e0bb85e73ad2ce788790ce8fd03631,miracl_bn,pca,pooled,0,q32_d128,1.2,0.75,,0.30489369803402155,0.05558567334621725,0.17299532335133028,0.076312701336474
1feea5bee16586832714bad8df09b7bc8f726f13fd8f27f2821bc626bf2df7dc,miracl_bn,pca,token,0,q32_d128,1.2,0.75,,0.41214609287128945,0.04217730464133417,0.20169468213998248,0.1682741060899728
a4ff93975996e2afd861e9a1d943837ff38f3754a3dbd4720943ae688b923c37,miracl_bn,pq,pooled,0,q32_d128,1.2,0.75,,-0.00018697039610857894,-0.00018697039610857894,0.0,0.0
094591f967812338ce383dd1b833926ffdd6b5773c0704a23c85ebfac83156a1,miracl_bn,pq,token,0,q32_d128,1.2,0.75,,0.1614971180540814,0.016927843501818026,0.152595211250997,-0.008025936698733645
d08c1837267c5db18363c6b092c5b83552934352e2d01c3ffe5df30048909a7a,miracl_bn,rq,pooled,0,q32_d128,1.2,0.75,,0.01586940567817421,0.015869405678174207,0.0,0.0
145492657228f091fd1dbafee1db29de14bdfc458e8ac86d3199fcb102e6e25a,miracl_bn,rq,token,0,q32_d128,1.2,0.75,,0.3129437405391976,0.00673686308852626,0.2849862244972216,0.0212206529534497
65e0e57308fa17783ffff4e1838d4bc8e5a2c5a4cef0be480c0cc3d24858f236,miracl_bn,sae,pooled,0,q32_d128,1.2,0.75,,0.05764899228440777,-0.01324214946465461,0.027255278252721213,0.04363586349634117
c54492ddb8fb5a49a20db00c22540cff7e28ccfaf8e1d6ebee1ab8e4532f64fa,miracl_bn,sae,token,0,q32_d128,1.2,0.75,,0.44279176522655195,0.03012685644592343,0.32103131632477133,0.09163359245585717
5a5ae3f08ad56a3640913138144e230a65d7da75bf18c79a386407424d4ec83f,miracl_hi,gaussian,pooled,0,q32_d128,1.2,0.75,,0.06111893649524261,0.0010969934930978118,0.016062917313863573,0.04395902568828122
ed4063981280e1edb9fbefa47ea4cd8936f38457ccfa7c2d41b0b414c84ba8ed,miracl_hi,gaussian,token,0,q32_d128,1.2,0.75,,0.06203147717755924,-0.0012025846155545661,0.01927050849199641,0.04396355330111739
d2f0826084924bb5219dbe8562342e8b2a8e9fe0374253a209de11981a19cfe5,miracl_hi,identity,pooled,0,q32_d128,1.2,0.75,,0.0981448080389282,0.017230176592005837,0.03030498112775333,0.05060965031916903
d70237026ee7dbee4a8eaa4631a8646b1a8eed82d931a357cca64ad959367975,miracl_hi,identity,token,0,q32_d128,1.2,0.75,,0.10160390881172489,0.014145555563809779,0.04144633405830613,0.04601201918960897
619e6725ca8f0150d8b578c3382753a13c21250349fd82f04421535278d67ed1,miracl_hi,kmeans,pooled,0,q32_d128,1.2,0.75,,0.0021185323614179843,0.0013242423943060915,0.0007942899671118928,0.0
f95a003e6c641bc4b8880400800a2ae041e689b300201fc7144a4110016623c2,miracl_hi,kmeans,token,0,q32_d128,1.2,0.75,,0.11225614658750055,0.01410514028737768,0.09792113484558591,0.00022987145453696838
ea60627c9cbdcf337833ff3d3a1a36a4606a014f6705a8c7f972032307c0b6ba,miracl_hi,pca,pooled,0,q32_d128,1.2,0.75,,0.1903619449706036,0.043297109024346504,0.0997783465000471,0.04728648944620996
da9e7dbde8c30ac33923524d26948f8d6b19eb3cc82b54e9d2d0c3ce3be96a3c,miracl_hi,pca,token,0,q32_d128,1.2,0.75,,0.2552622969505053,0.023148436070576178,0.1381868119617143,0.09392704891821477
d979728abfe5bb4378a34d785ddcea3725d0b5f13aaef4d241973bdc63b4b8cd,miracl_hi,pq,pooled,0,q32_d128,1.2,0.75,,0.003215422304187425,0.003215422304187425,0.0,0.0
c42e0451aac1139fa2d0e967cf225d3a958fae6860aac4e73ae24a054692124f,miracl_hi,pq,token,0,q32_d128,1.2,0.75,,0.07757784162313092,0.010432025819943944,0.05574621041038572,0.01139960539280125
c00fd7f80832b4cf92cdcab71bcd4f9ae725f3c7b3e4f67f7e2bc5801ce267af,miracl_hi,rq,pooled,0,q32_d128,1.2,0.75,,0.015234935005906888,0.015234935005906888,0.0,0.0
0c5b9aadf847ce74d77cbad730d2bb560fb58c8b6785c2be21c3be26f3b15b8e,miracl_hi,rq,token,0,q32_d128,1.2,0.75,,0.23374765618301063,0.020186620195482476,0.17629776569674224,0.03726327029078591
7acb98b3bbae94818f79c59c64b6aed577bc8563cc73ca9db4d5ee5a1981970e,miracl_hi,sae,pooled,0,q32_d128,1.2,0.75,,0.052043487631812636,0.0017569119107079974,0.018272233139469626,0.03201434258163501
ac9e1ccad47526f15b53723209a374a07e8ea088b2bc3a5e1139f1d27333c4b3,miracl_hi,sae,token,0,q32_d128,1.2,0.75,,0.3106606506392286,0.02513813349984794,0.2074141526329087,0.07810836450647196
015d978d9a6d13437b692c797f46f4956ffab4c445202d8eb62f07e984774cdc,miracl_te,gaussian,pooled,0,q32_d128,1.2,0.75,,0.22313303038583335,0.019680324219743944,0.05436017051085648,0.1490925356552329
a6685c3f020e172cc06fa4780afa34b327d0cfad9d31edd1912e1b78d591a35f,miracl_te,gaussian,token,0,q32_d128,1.2,0.75,,0.23814758162792482,0.007946432020804514,0.07876939145222836,0.15143175815489196
b359b4dfeebde926688d5c5e271187650f48a9534e6fad86748e41706b22d027,miracl_te,identity,pooled,0,q32_d128,1.2,0.75,,0.3433185729287271,0.06755945333970553,0.10832268540940344,0.16743643417961804
32736d586b8ed882ce3fb6ed8a1e3b7c00062e9aa406b2253d9a2122b6c18cca,miracl_te,identity,token,0,q32_d128,1.2,0.75,,0.3812738940382235,0.03576076858558488,0.18325228282590728,0.1622608426267313
06c4e49ceae983995192d51220ed061e3c6a35fcd382e2c5de5da67efdd6bf55,miracl_te,kmeans,pooled,0,q32_d128,1.2,0.75,,0.0005037948549013863,0.00028245161432385364,0.00022134324057753262,0.0
ccd534db855d3f31cce56b73f0d7242336556fc1d223c402b1cf10a04c3694b9,miracl_te,kmeans,token,0,q32_d128,1.2,0.75,,0.13810729743086206,0.0033682729806810063,0.1435867884486047,-0.008847763998423653
cf9403028fe0e9131536d2eb699cca7b729180e9eb6e3e46c3123a5d8dbf5ef2,miracl_te,pca,pooled,0,q32_d128,1.2,0.75,,0.3019421046661747,0.0508216425767611,0.17683332515115058,0.074287136938263
23d0e7577c60146176bc863f4f898579065ee0cc9c44a0db23e604af1d5c0010,miracl_te,pca,token,0,q32_d128,1.2,0.75,,0.5287703138974801,0.04206174215537009,0.26772903254339236,0.21897953919871754
5b28f8728ce4ed2a71a4e94e0f924de9989b788b607fbef699fb5f27888b334a,miracl_te,pq,pooled,0,q32_d128,1.2,0.75,,0.002449129530195378,0.0024491295301953776,0.0,0.0
f484f7a49c4cb8a703267d0d7f6a8a63cca842268162a748d044b4cb2990e318,miracl_te,pq,token,0,q32_d128,1.2,0.75,,0.21204578584783612,-0.006196013235730257,0.21437665242300674,0.003865146660559607
2acced492b5028f05e0a88f4986ec98eb8dc9585459454d1d1f4ab64b48e124b,miracl_te,rq,pooled,0,q32_d128,1.2,0.75,,0.009447714076790674,0.009447714076790674,0.0,0.0
9ec20df174bb8c06efa4c626c75ed32232461324b95645b635f96524114905be,miracl_te,rq,token,0,q32_d128,1.2,0.75,,0.39394480498492046,0.0004996902067641107,0.3650872999824901,0.02835781479566622
e7bce418aa7c58e4d5e2eda4aad7b355985d13e30a078b0b4b819c39823cac4b,miracl_te,sae,pooled,0,q32_d128,1.2,0.75,,0.059710635758870687,-0.002988041120550675,0.021799677680647236,0.04089899919877412
6f0022fef1edced8411eca866df57352acf4b92f8e698ed1adb78bcf84827078,miracl_te,sae,token,0,q32_d128,1.2,0.75,,0.5272625532749672,0.00629234013099649,0.3862191894225307,0.1347510237214399
fb2668b6f190b4a610c9898e2aea8c2d55ca8168ae1becdbcd47181a62806450,msmarco_dev,gaussian,pooled,0,q32_d128,1.2,0.75,,0.069699774047058,-0.0019699303932183086,0.012782206474542746,0.05888749796573356
54dda1fe0bc8feed185018a7a5e091f735ef96bc41d8b8a04a3477c6dab8e004,msmarco_dev,gaussian,token,0,q32_d128,1.2,0.75,,0.0605421925579734,0.004069719579235179,0.022981053833601543,0.033491419145136675
e70859a6cdf349faa2b2e5c7747f8c6d9efa23ab39b87eea4cb5afdba8cdce94,msmarco_dev,identity,pooled,0,q32_d128,1.2,0.75,,0.10948828777630525,0.0383301786942008,0.0361002266478813,0.03505788243422314
69a3d3b65ca79bd10f5bbdcef2217dfeab215ae9235ae2a60cecfed57bbd0afa,msmarco_dev,identity,token,0,q32_d128,1.2,0.75,,0.09298476714086039,0.014054063808172555,0.0422786405985856,0.036652062734102236
5282b8e445e7822996a95609c752fb114d1ea34f81fa34033293d1d4b48ab0fb,msmarco_dev,kmeans,pooled,0,q32_d128,1.2,0.75,,-0.00012318579764570084,-0.0006565634560751631,0.0005333776584294622,0.0
712c28fdfc7f54f2ecd0d78404c624821c206be07a19c52621bdb406686da630,msmarco_dev,kmeans,token,0,q32_d128,1.2,0.75,,0.1230187264899762,0.0038645135108566118,0.10389849347077323,0.015255719508346338
49a0705a29ac42b9bfc882c37df1425f244eee129012453ca1e463395da79901,msmarco_dev,pca,pooled,0,q32_d128,1.2,0.75,,0.22356366014528395,0.04034464724484646,0.1595835398666039,0.023635473033833565
0c78b5c4be476fc6948df287ad0e52fb17757c2d81b09749e631f148ad9526ce,msmarco_dev,pca,token,0,q32_d128,1.2,0.75,,0.26486252616697004,0.039953308212079604,0.16531145664943225,0.059597761305458186
81650f22fcb8dbd4d64693000a3551fdacc73c08e30a6c00ba32aeafd74f36f3,msmarco_dev,pq,pooled,0,q32_d128,1.2,0.75,,0.000844783651347461,0.0008447836513474609,0.0,0.0
01bdc971b12db2cba409a66f0caa89169dbf1eecced5f81c424c6d948fef121d,msmarco_dev,pq,token,0,q32_d128,1.2,0.75,,0.07968134413157174,-0.0008058750149634971,0.06789757749290473,0.012589641653630496
a7152a5748d08c17315ccfab667ade577c624fbabf928abbcc0bcf5626e57b6d,msmarco_dev,rq,pooled,0,q32_d128,1.2,0.75,,0.015947929799572404,0.0159479297995724,0.0,0.0
9dbba3498353ea93da6957ac8754b71f9a3eb6997b631c3bd14caeaa5c48f2f6,msmarco_dev,rq,token,0,q32_d128,1.2,0.75,,0.24904943511650598,-0.0004572826385008232,0.19145974937350357,0.05804696838150324
d55544b8eaf287f5fac2b4590d9231568767409a3f209b946e5026e7a458a290,msmarco_dev,sae,pooled,0,q32_d128,1.2,0.75,,0.04735514872223408,0.0038086293146907643,0.017677437536889284,0.025869081870654027
efd86bd78a3d6b409e36eee00e2a5c0621d3ee8084698add794f6bea7d5c80bf,msmarco_dev,sae,token,0,q32_d128,1.2,0.75,,0.29647927926839995,-0.008022831099181123,0.20779602315970347,0.09670608720787757
3f07b9292ec251a1420cefe6bbd802260954008646cb50407d87db26f491a3c2,nfcorpus,gaussian,pooled,0,q32_d128,1.2,0.75,,0.06211649713207487,0.009141459288925995,0.01514472609378721,0.03783031174936166
e0c6df010007d4dd2fbb893889fb295fb74ba543d85668fe1fdd04cf58a13975,nfcorpus,gaussian,token,0,q32_d128,1.2,0.75,,0.04540003276954355,0.010184172389870723,0.015563649194649939,0.019652211185022885
164c817f685d1b58e8e6364255269902de9da722f0b1902b166d8631ad4b0135,nfcorpus,identity,pooled,0,q32_d128,1.2,0.75,,0.07369578112750369,0.0005768702609203029,0.027289095825076694,0.045829815041506704
f287a6a0ac24504edbba818d6d111c3078bb4faeaa305628ce4bc718910d9c79,nfcorpus,identity,token,0,q32_d128,1.2,0.75,,0.05227250836898525,-0.003045044260021168,0.03027903057819133,0.02503852205081508
e9c4fbeb59c01ec78ad3b07b857f8045f4f65edb24b9e6665e546c5254aa57f6,nfcorpus,kmeans,pooled,0,q32_d128,1.2,0.75,,-0.00026390615890825933,-0.00028226678375815016,1.836062484989083e-05,0.0
375e9040dadf837d0f951c3ca73fbc2395fa31d669a961df64c4dce3b644619f,nfcorpus,kmeans,token,0,q32_d128,1.2,0.75,,0.0999449186306181,0.009296552495739394,0.08584078496053517,0.004807581174343531
2becd37d7823a6af5369908830cb2c33727b15826d0c37da8d762f9c50312676,nfcorpus,pca,pooled,0,q32_d128,1.2,0.75,,0.0005140412453698007,-0.08326708130846297,0.06586622521074346,0.01791489734308931
cc537009f18c871fe613c31fa6179c9de0c3c4ac8294698563b769dce89a9f1a,nfcorpus,pca,token,0,q32_d128,1.2,0.75,,0.11622228895580608,0.03304396988670045,0.05456245223414775,0.028615866834957877
bf908353420f5faf56ba22980eac407d7cb84a45d5b663b8ce546a756992feff,nfcorpus,pq,pooled,0,q32_d128,1.2,0.75,,0.002658885793916925,0.002658885793916925,0.0,0.0
df00d5ea0a42289e0de50fb88945c872a9aef38e2322c3800524d55666c1b0bf,nfcorpus,pq,token,0,q32_d128,1.2,0.75,,0.049457200820423236,0.003948570231375644,0.03944803013999595,0.006060600449051639
df7cc3898338f7eb29e0e54a2fcb63973f7368718a61230ddaf2c80e3233e256,nfcorpus,rq,pooled,0,q32_d128,1.2,0.75,,0.020454043815660475,0.020454043815660475,0.0,0.0
9b0c71ce7362aa8404cb238636f427c333e8a1c62adc14d54acc50affa8edebb,nfcorpus,rq,token,0,q32_d128,1.2,0.75,,0.09001643841270027,0.004893448473843233,0.07666084582385674,0.0084621441150003
99f86eb9cb71745b334a44eb3d4e2bde08a367267e52b54d3311089c585da089,nfcorpus,sae,pooled,0,q32_d128,1.2,0.75,,-8.403756907382487e-05,-0.005987108965423912,0.0016344288774426188,0.004268642518907469
5f46bca832d1b058a5ff92e78f6922d604a3a368fcb895498e6eb5557f78d5cc,nfcorpus,sae,token,0,q32_d128,1.2,0.75,,0.09824636270135595,0.018039332484291105,0.06342167292146862,0.016785357295596208
5fd5400d4847e089b401b734433092c67d1cd26a33193913e711493e7d8c070f,scidocs,gaussian,pooled,0,q32_d128,1.2,0.75,,0.01861252520992933,-0.00041478051715930454,0.004044329834899826,0.014982975892188805
a8247fb90330291789af3f1e920e892d61796b6875eb5867a6c6f0ba623c3582,scidocs,gaussian,token,0,q32_d128,1.2,0.75,,0.02130650067520391,0.0005253947199712968,0.011421270589183975,0.009359835366048634
b981fd40ee239e1d5ce857014118fa5c0842ceb7a35d4022a5a5eb55c1b71e51,scidocs,identity,pooled,0,q32_d128,1.2,0.75,,0.035859827333417416,0.00892899841509737,0.00998245269518124,0.016948376223138807
9f031e28cdcb1ce171280aa884f8b5c1c6b019b389784b1341a71fb61f45e15e,scidocs,identity,token,0,q32_d128,1.2,0.75,,0.036710088174122406,0.007384083751215084,0.018997784023970746,0.010328220398936572
f5e07576099fa96c3ddc202c57e9fca88b7cebf5ad6c749f9aabf66a3d55ba09,scidocs,kmeans,pooled,0,q32_d128,1.2,0.75,,-0.00043298240809030823,-0.0003775267043547928,-5.545570373551543e-05,0.0
867642bbacb165c07ca035111d37c6c2f926b60fd9922ca960f804caedaa5f90,scidocs,kmeans,token,0,q32_d128,1.2,0.75,,0.07043091526388195,0.011631369456713829,0.05248010860618817,0.00631943720097995
c17465ae84fb3a3902a1b9933c82bb7cd18d0271aeac404e9ee9c352bdd67202,scidocs,pca,pooled,0,q32_d128,1.2,0.75,,0.005816120298178514,-0.011856695697402074,0.014311098528701905,0.003361717466878683
34ffed8fd24d23774424551c67d715dc1b78aac9667011629b84dfd772274756,scidocs,pca,token,0,q32_d128,1.2,0.75,,0.08507784195300203,0.020794028142498002,0.04743983581259103,0.01684397799791298
414ba278886ba20f4c415fb6ed0b7e14b05baf86dc245294719b558c63e9f261,scidocs,pq,pooled,0,q32_d128,1.2,0.75,,0.00040436680006431793,0.00040436680006431793,0.0,0.0
f88f607180deed7c5d11e6812dd6124650b2e935c3ee109cd93b9c663c0eeae1,scidocs,pq,token,0,q32_d128,1.2,0.75,,0.04223862753194419,0.0030238844099293996,0.03421909029802079,0.004995652823994003
0075e4172f2123ae1b8683dd0f16835855cb9ea2b667e740de38719d2ba404e3,scidocs,rq,pooled,0,q32_d128,1.2,0.75,,0.0032382263172485524,0.003238226317248552,0.0,0.0
df50bc3863f2d3cd3d2c9ab1887f91b33c68883ab141b7a10719d85a9884a4c0,scidocs,rq,token,0,q32_d128,1.2,0.75,,0.0646320646671162,0.00018228498907311985,0.04806961306673234,0.016380166611310736
7297bb64a395a7318221415a764e2137a50b54a82f2ab65058821d0416a7f30c,scidocs,sae,pooled,0,q32_d128,1.2,0.75,,0.0032636712456560173,-0.0035982923810208467,0.0019777536330177715,0.004884209993659093
a885bb9a905b7f39b1e3fa04b41a5dadefc7a9cf4f9c2d9ced0896fa8389a3f8,scidocs,sae,token,0,q32_d128,1.2,0.75,,0.09510597425921119,0.01436079361010717,0.05865641527308471,0.02208876537601932
effe2f476c55be6e4955f10444591d41cf8dcdfa3ca9443f35c2dc813f6d079a,scifact,gaussian,pooled,0,q32_d128,1.2,0.75,,0.07053266483464316,-0.025569918461029455,0.028279110229531418,0.0678234730661412
9da9646b4e086b7b04795f51299b6ac4bf3927158171b8c828bfdd37a0df7e60,scifact,gaussian,token,0,q32_d128,1.2,0.75,,0.0719100114505523,-0.0006101046216926663,0.025213092812110715,0.04730702326013425
25f24f4147f893b7ecb671c548a9001f5e45d4f5cab4daa4c23b839943b441fa,scifact,identity,pooled,0,q32_d128,1.2,0.75,,0.17414122959274153,0.04106990286794399,0.045373306761843826,0.08769801996295372
0f5dc19310d194b82008a44855fe6cd061a1f630ad8454c15a18ffb7fab71550,scifact,identity,token,0,q32_d128,1.2,0.75,,0.13787995567581426,0.028137970778777367,0.04527805103954692,0.06446393385748998
50719cc428f3d3f099666eb9060a5aa3da0acd1e658b9aaac652e23e61f9a71a,scifact,kmeans,pooled,0,q32_d128,1.2,0.75,,-0.0014583444998472889,-0.0016765607557997185,0.0002182162559524296,0.0
a5e7751cc2d448b493e994960c30d5ca886dfe9c0c63943957a79fdd60ef0e8e,scifact,kmeans,token,0,q32_d128,1.2,0.75,,0.2848349739644273,0.017585079188824026,0.2581356814158896,0.009114213359713616
fbf67332c55314baa63454c1650067117ef845852c8a049ef55cc564cd5299ee,scifact,pca,pooled,0,q32_d128,1.2,0.75,,0.02270166575213703,-0.16039920138963853,0.1139569697361388,0.06914389740563677
05d57913f3725e15c61fce2bf73bd64a14aa893c3bde5989a6e15e99a6247419,scifact,pca,token,0,q32_d128,1.2,0.75,,0.266036977761542,0.07125277572258888,0.11883616072996989,0.07594804130898321
14dc27a9cb1e5af38e06f2952dd18637773e1d00d60675b61243a3b49cad22db,scifact,pq,pooled,0,q32_d128,1.2,0.75,,-0.0008278087633262383,-0.0008278087633262383,0.0,0.0
6934bdcc7923733444fa8171c774f7480dabc7b3ebec2d520bef584122c22b11,scifact,pq,token,0,q32_d128,1.2,0.75,,0.16216287761790718,0.018603891886629163,0.14646762621279602,-0.00290864048151801
10e731ecba0d55a6eac5baad9286f062e0ef990de02ef6b602ef8d3e193ac2e0,scifact,rq,pooled,0,q32_d128,1.2,0.75,,0.023542264641310505,0.023542264641310505,0.0,0.0
c41e37b8a8b45975bceeb47a0fcbbb37fc88fc169c8b91db2650e2a1b947f26e,scifact,rq,token,0,q32_d128,1.2,0.75,,0.09180507501249843,-0.03329441368817148,0.12323900836639921,0.0018604803342706965
946d38ce3c0b4d473a4bfdb3b920fa443e158db00d8b11fb5ec047641a44af5b,scifact,sae,pooled,0,q32_d128,1.2,0.75,,0.01599079308763547,-0.0007444524527031224,0.006811874127960542,0.00992337141237805
e5d241f2d2083b22d2c0222276046d8506ddfba72a6db8343687837cfcbe00fb,scifact,sae,token,0,q32_d128,1.2,0.75,,0.19679964987124143,0.03736319041688234,0.10532620134681916,0.05411025810753992
0ee142c0cb0e158e650e5cf7286f002a989dacfd3db9acd08b5b25e80bd29f01,trec_covid,gaussian,pooled,0,q32_d128,1.2,0.75,,0.04634195245892071,0.002181259568922884,0.005035714818027609,0.03912497807197021
57ebadb91d4f28c6a541b3a427834a8bbdc91c7f0ee0cc71296f11e3cb1b5abf,trec_covid,gaussian,token,0,q32_d128,1.2,0.75,,0.08226474869907245,-0.00720924921989029,0.029721342297226234,0.059752655621736504
37238a3c8b8c68c0c4936b856ce9441058c8748bfb3736ea80bcdcc98640bdd2,trec_covid,identity,pooled,0,q32_d128,1.2,0.75,,0.09905168872916965,0.02882203012455747,0.011842734003074305,0.05838692460153787
14ea19f8ef2f664085179645ba2d6a3f485877898e1d782ac6532d1e06cffd30,trec_covid,identity,token,0,q32_d128,1.2,0.75,,0.16378037616331592,0.04159283606209762,0.057873783860091677,0.06431375624112663
2a1987f295faddefe0de40c3553f86edf9d6ab992b666906408e590d2e04aae8,trec_covid,kmeans,pooled,0,q32_d128,1.2,0.75,,-0.007583025494099532,-0.006339975140166078,-0.0012430503539334545,0.0
cf166cdec65334f5ac2060275f036b1127b85bf91cc084086ef560d552cc2c1e,trec_covid,kmeans,token,0,q32_d128,1.2,0.75,,0.14800231120302454,-0.010503537046042635,0.15981022977287412,-0.0013043815238069638
e25a35fe5ff1e7038db611f8b7f97e4489936693d27d33ec77e0f6d983a78b2b,trec_covid,pca,pooled,0,q32_d128,1.2,0.75,,0.16664241112154948,-0.011741704602045658,0.16462944979272442,0.013754665930870722
a2f53a1f57e9103c14efd2fa67154161eb02cbc8afc2df38c81532793249a174,trec_covid,pca,token,0,q32_d128,1.2,0.75,,0.34482452581247697,0.14245876272005825,0.1479482809532702,0.054417482139148494
961a3ca2ce646ab9fd50aad8adccd03b5916b2e925a6f9ad75ed5c2d4ded8728,trec_covid,pq,pooled,0,q32_d128,1.2,0.75,,0.000719055767608924,0.000719055767608924,0.0,0.0
271e6203061ec9744c822410ea3f7024dcb368f92f33d638f6c1abec27502c1c,trec_covid,pq,token,0,q32_d128,1.2,0.75,,0.13523677786147303,-0.0035451794608974225,0.1625328676750919,-0.023750910352721456
88ab554a6eb574b5b4bd55c8ac19968fdd3446266c381f82cdf321a9c10d8eaf,trec_covid,rq,pooled,0,q32_d128,1.2,0.75,,0.02491737545425235,0.02491737545425235,0.0,0.0
a6afb8d5a4eb8e0f40e6be40366b4c012f6d1f824f4ce01696b048e89d25de68,trec_covid,rq,token,0,q32_d128,1.2,0.75,,0.15243938901991388,-0.023337020732443387,0.17062640342302882,0.005150006329328449
551b39966a2110a4f662ac5458c046330626735f9044253ac493ec49fcd1c79a,trec_covid,sae,pooled,0,q32_d128,1.2,0.75,,0.07072866455187757,0.024899882570929212,0.012036961397817828,0.03379182058313052
42417aba82e99b27968ac253264a3c2f0c8940ab1700a502e35e7f1c7ed667a0,trec_covid,sae,token,0,q32_d128,1.2,0.75,,0.1325331171917301,-0.00871067562487791,0.0963104829641204,0.044933309852487606
537aab2f2a395047045a98f01f4b57b10f3887785933f8f8b7ee0b69d825d01b,trec_dl_2019,gaussian,pooled,0,q32_d128,1.2,0.75,,0.1388529985528801,0.0017049709203189947,0.027010542780134105,0.110137484852427
fdd2ec05691306a7542f7044174afbea4d2f935b0f0079d765017e364b9affe1,trec_dl_2019,gaussian,token,0,q32_d128,1.2,0.75,,0.12251472502284726,0.014965122736538137,0.03992877149601206,0.06762083079029704
818bda7a955eef4932f73d189fa8e3f46172893a4d30fb9164f4baef2b5ad8ff,trec_dl_2019,identity,pooled,0,q32_d128,1.2,0.75,,0.21306917919681997,0.05826955056470162,0.08832237400544303,0.06647725462667531
d86b7e2106d371e17ebf29bb0985555e91d5d07cf1b8e246a76306ab8968e277,trec_dl_2019,identity,token,0,q32_d128,1.2,0.75,,0.18265885998935166,0.018157088676847014,0.10131128547229264,0.063190485840212
df6a113cb14bd3ab7e7bb5e588830a5d41b2e6036ed7925e2b81871be2a84633,trec_dl_2019,kmeans,pooled,0,q32_d128,1.2,0.75,,-0.00023659249318254763,-0.0004799985828607585,0.00024340608967821084,0.0
1f01d2c4f75ff1f3d2d77983c42777cfa52feba04df54660ea9a91111b1af87d,trec_dl_2019,kmeans,token,0,q32_d128,1.2,0.75,,0.23634604348320712,0.0007655291949088258,0.22987480877545532,0.005705705512842963
fa400661f3f4e41a3c814f5be9a050c217af99732433660642c9a671a9fdae2f,trec_dl_2019,pca,pooled,0,q32_d128,1.2,0.75,,0.4411401138707451,0.08697569777463893,0.3193384681030807,0.034825947993025415
f29e36d20fb7358900f444b8fa0f999639db88f72a22aeaf22f5554880efd28e,trec_dl_2019,pca,token,0,q32_d128,1.2,0.75,,0.4990792326496733,0.09926658038084735,0.30880342747802614,0.09100922479079976
052ede2ee0379d2855006cf976e92a44afeef67533fe352d6e4884df7cce8728,trec_dl_2019,pq,pooled,0,q32_d128,1.2,0.75,,0.0032582313519409394,0.0032582313519409394,0.0,0.0
f5a11e1885f4b491f450fc73894049475b1ffc50e41fc83fadc0ea189fb1cb11,trec_dl_2019,pq,token,0,q32_d128,1.2,0.75,,0.19745242889831208,-0.00529333040324871,0.18667377115370437,0.01607198814785641
eb9ece3039f014f9bfdaa6dd0aa100407f5def5666ea5ea14d0b31d31d43a4e3,trec_dl_2019,rq,pooled,0,q32_d128,1.2,0.75,,0.023056868365330135,0.023056868365330135,0.0,0.0
34eb64994d47724f623c0b8e6888366f75ff83f05f54bc928a3bd0f3708ee358,trec_dl_2019,rq,token,0,q32_d128,1.2,0.75,,0.3970633504248007,-0.0013793696110194903,0.29951581567422564,0.09892690436159451
b9fde0774dfd70424a57b9a67770a49226f5f1c3bad7bcbab3ca5cf202c11ded,trec_dl_2019,sae,pooled,0,q32_d128,1.2,0.75,,0.11368855217418991,0.01869277211605741,0.03825097175030671,0.056744808307825786
56aeb68f407286afa9e66ac1ee01d2eb1a3ffd27f33c2623e875c954e4ce5f79,trec_dl_2019,sae,token,0,q32_d128,1.2,0.75,,0.49524083619506254,-0.018945079599266786,0.34594662527955977,0.16823929051476952
0108e24cd62fa7353d6ed5baa25aacf50f02cfe8d575a2f95851896b859bb4f8,trec_dl_2020,gaussian,pooled,0,q32_d128,1.2,0.75,,0.15306302694803228,-0.011713711388393694,0.03898488246394088,0.1257918558724851
656e2ddf3b24c2175ce2a11b24d56ed7bae8fde734eb6e112c8f25dd24cf0cb2,trec_dl_2020,gaussian,token,0,q32_d128,1.2,0.75,,0.12241760477897416,3.681615342357794e-05,0.050007488003030745,0.07237330062251983
e815e0ce7ae5f4d308cbc83f0b2372161bf324ab1d7c9c5a6a6baf90a01416a8,trec_dl_2020,identity,pooled,0,q32_d128,1.2,0.75,,0.23677304953008263,0.07458616014968593,0.08567510401735068,0.07651178536304601
13c2e161c225605e7384ea437fe1e258ebbeaf41e8ca7fccc5475e0e4d887156,trec_dl_2020,identity,token,0,q32_d128,1.2,0.75,,0.22130909372362756,0.03829237385008886,0.1017426931249602,0.0812740267485785
de6778db7242b5f85e3903d75e4ef5b257b62430c84540886eb7095f3159e39c,trec_dl_2020,kmeans,pooled,0,q32_d128,1.2,0.75,,-0.009075860513644842,-0.0076072574743479785,-0.0014686030392968633,0.0
4fab85b376ceb740778d675e77099ffce640e3d792968287699033b7ecc79fa7,trec_dl_2020,kmeans,token,0,q32_d128,1.2,0.75,,0.21969965497600039,0.0061015558503700745,0.1945853299523761,0.019012769173254188
fe666ea974409a3a28d0a11f4ea7abf1a00c760558523ad0345524ee07c597f0,trec_dl_2020,pca,pooled,0,q32_d128,1.2,0.75,,0.4507186219358554,0.07990599177874141,0.33070854329184884,0.040104086865265114
1e57ffbf451ae14464f52fdd129abba683b2835f1dca515c391096fa01cfd4fa,trec_dl_2020,pca,token,0,q32_d128,1.2,0.75,,0.4997533783503471,0.07801399069978655,0.3228949397149554,0.09884444793560515
07146a7e304ef7bef1dca60680e558681634ce4fc9c766979d5d6e02260a010e,trec_dl_2020,pq,pooled,0,q32_d128,1.2,0.75,,-0.0016161667800202255,-0.0016161667800202253,0.0,0.0
20b36dcf637dd09bb3d572e20a26968f81141f59d5abd193cb7383d0bae9c3f4,trec_dl_2020,pq,token,0,q32_d128,1.2,0.75,,0.1656935001423511,-0.0024765591248218214,0.1383839693518758,0.02978608991529711
ff893f9f7597114751763cb5ee5819c41b2a6a6adf8c24d469840ac1a79ab34b,trec_dl_2020,rq,pooled,0,q32_d128,1.2,0.75,,0.026524888188250717,0.026524888188250717,0.0,0.0
912e9aa1e9dca8058fb2cc6f10795c688562652a39f21febc8b412a27589dec3,trec_dl_2020,rq,token,0,q32_d128,1.2,0.75,,0.3753132619220743,0.0028800903026864055,0.2959021461228727,0.07653102549651518
7f89d70559744832d0fbd02ec8c9217caed81d00cadbc15a83eeb871de370566,trec_dl_2020,sae,pooled,0,q32_d128,1.2,0.75,,0.08779748464147774,0.006583759572350619,0.028281054740891445,0.052932670328235676
cffa8b8c820f71cd5946660be3d5d91517e81c53a9df3474b809918a020e80fd,trec_dl_2020,sae,token,0,q32_d128,1.2,0.75,,0.4804931231222784,-0.013710102148856713,0.32993360340235306,0.16426962186878205
